[Licensing::Module] Trying to connect to existing licensing client channel...
Built from '6000.2/staging' branch; Version is '6000.2.13f1 (abdb44fca7f7) revision 11262788'; Using compiler version '194234433'; Build Type 'Release'
OS: 'Windows 11  (10.0.26200) 64bit Professional' Language: 'ro' Physical Memory: 16087 MB
BatchMode: 1, IsHumanControllingUs: 0, StartBugReporterOnCrash: 0, Is64bit: 1
[Licensing::IpcConnector] Successfully connected to: "LicenseClient-Adriana" at "2025-12-08T19:06:56.306595Z"
Date: 2025-12-08T19:06:56Z

COMMAND LINE ARGUMENTS:
C:\Program Files\Unity\Hub\Editor\6000.2.13f1\Editor\Unity.exe
-adb2
-batchMode
-noUpm
-name
AssetImportWorker1
-projectPath
C:/Users/Adriana/MotoRace
-logFile
Logs/AssetImportWorker1.log
-srvPort
49630
-licensingIpc
LicenseClient-Adriana
-job-worker-count
7
-background-job-worker-count
8
-gc-helper-count
1
-name
AssetImport
Successfully changed project path to: C:/Users/Adriana/MotoRace
C:/Users/Adriana/MotoRace
[UnityMemory] Configuration Parameters - Can be set up in boot.config
    "memorysetup-allocator-temp-initial-block-size-main=262144"
    "memorysetup-allocator-temp-initial-block-size-worker=262144"
    "memorysetup-bucket-allocator-granularity=16"
    "memorysetup-bucket-allocator-bucket-count=8"
    "memorysetup-bucket-allocator-block-size=33554432"
    "memorysetup-bucket-allocator-block-count=8"
    "memorysetup-main-allocator-block-size=16777216"
    "memorysetup-thread-allocator-block-size=16777216"
    "memorysetup-gfx-main-allocator-block-size=16777216"
    "memorysetup-gfx-thread-allocator-block-size=16777216"
    "memorysetup-cache-allocator-block-size=4194304"
    "memorysetup-typetree-allocator-block-size=2097152"
    "memorysetup-profiler-bucket-allocator-granularity=16"
    "memorysetup-profiler-bucket-allocator-bucket-count=8"
    "memorysetup-profiler-bucket-allocator-block-size=33554432"
    "memorysetup-profiler-bucket-allocator-block-count=8"
    "memorysetup-profiler-allocator-block-size=16777216"
    "memorysetup-profiler-editor-allocator-block-size=1048576"
    "memorysetup-temp-allocator-size-main=16777216"
    "memorysetup-job-temp-allocator-block-size=2097152"
    "memorysetup-job-temp-allocator-block-size-background=1048576"
    "memorysetup-job-temp-allocator-reduction-small-platforms=262144"
    "memorysetup-temp-allocator-size-background-worker=32768"
    "memorysetup-temp-allocator-size-job-worker=262144"
    "memorysetup-temp-allocator-size-preload-manager=33554432"
    "memorysetup-temp-allocator-size-nav-mesh-worker=65536"
    "memorysetup-temp-allocator-size-audio-worker=65536"
    "memorysetup-temp-allocator-size-cloud-worker=32768"
    "memorysetup-temp-allocator-size-gi-baking-worker=262144"
    "memorysetup-temp-allocator-size-gi-baking-worker=262144"
    "memorysetup-temp-allocator-size-gi-baking-worker=262144"
    "memorysetup-temp-allocator-size-gi-baking-worker=262144"
    "memorysetup-temp-allocator-size-gi-baking-worker=262144"
    "memorysetup-temp-allocator-size-gfx=262144"
Player connection [29840]  Target information:

Player connection [29840]  * "[IP] 192.168.56.1 [Port] 0 [Flags] 2 [Guid] 2657295957 [EditorId] 2657295957 [Version] 1048832 [Id] WindowsEditor(7,DESKTOP-2IJ2LRL) [Debug] 1 [PackageName] WindowsEditor [ProjectName] Editor" 

Player connection [29840]  * "[IP] 172.17.113.227 [Port] 0 [Flags] 2 [Guid] 2657295957 [EditorId] 2657295957 [Version] 1048832 [Id] WindowsEditor(7,DESKTOP-2IJ2LRL) [Debug] 1 [PackageName] WindowsEditor [ProjectName] Editor" 

Player connection [29840] Host joined multi-casting on [225.0.0.222:54997]...
Player connection [29840] Host joined alternative multi-casting on [225.0.0.222:34997]...
JobSystem: Creating JobQueue using job-worker-count value 7
Input System module state changed to: Initialized.
[Physics::Module] Initialized fallback backend.
[Physics::Module] Id: 0xdecafbad
Library Redirect Path: Library/
[Physics::Module] Selected backend.
[Physics::Module] Name: PhysX
[Physics::Module] Id: 0xf2b8ea05
[Physics::Module] SDK Version: 4.1.2
[Physics::Module] Integration Version: 1.0.0
[Physics::Module] Threading Mode: Multi-Threaded
Refreshing native plugins compatible for Editor in 23.09 ms, found 9 plugins.
Preloading 0 native plugins for Editor in 0.00 ms.
Initialize engine version: 6000.2.13f1 (abdb44fca7f7)
[Subsystems] Discovering subsystems at path C:/Program Files/Unity/Hub/Editor/6000.2.13f1/Editor/Data/Resources/UnitySubsystems
[Subsystems] Discovering subsystems at path C:/Users/Adriana/MotoRace/Assets
GfxDevice: creating device client; kGfxThreadingModeNonThreaded
Direct3D:
    Version:  Direct3D 11.0 [level 11.1]
    Renderer: NVIDIA GeForce RTX 4050 Laptop GPU (ID=0x28a1)
    Vendor:   NVIDIA
    VRAM:     5921 MB
    Driver:   32.0.15.8180
Initialize mono
Mono path[0] = 'C:/Program Files/Unity/Hub/Editor/6000.2.13f1/Editor/Data/Managed'
Mono path[1] = 'C:/Program Files/Unity/Hub/Editor/6000.2.13f1/Editor/Data/MonoBleedingEdge/lib/mono/unityjit-win32'
Mono config path = 'C:/Program Files/Unity/Hub/Editor/6000.2.13f1/Editor/Data/MonoBleedingEdge/etc'
Using monoOptions --debugger-agent=transport=dt_socket,embedding=1,server=y,suspend=n,address=127.0.0.1:56364
Begin MonoManager ReloadAssembly
Registering precompiled unity dll's ...
Register platform support module: C:/Program Files/Unity/Hub/Editor/6000.2.13f1/Editor/Data/PlaybackEngines/WebGLSupport/UnityEditor.WebGL.Extensions.dll
Register platform support module: C:/Program Files/Unity/Hub/Editor/6000.2.13f1/Editor/Data/PlaybackEngines/WindowsStandaloneSupport/UnityEditor.WindowsStandalone.Extensions.dll
[Licensing::Module] Licensing is not yet initialized.
[Licensing::Client] Error: HandshakeResponse reported an error:
	ResponseCode: 505
	ResponseStatus: Unsupported protocol version '1.17.4'.
[Licensing::Module] Error: Failed to handshake to channel: "LicenseClient-Adriana"
[Licensing::IpcConnector] LicenseClient-Adriana channel disconnected successfully.
[Licensing::IpcConnector] Successfully connected to: "LicenseClient-Adriana-6000.2.13" at "2025-12-08T19:06:57.6568528Z"
[Licensing::Client] Handshaking with LicensingClient:
  Version:                 1.17.4+4293ba1
  Session Id:              6d77cf12e5f74dbbb48912c930ec5cf4
  Correlation Id:          6da42f477ab7b187321330114f77d0db
  External correlation Id: 8823781824157767458
  Machine Id:              Nn+Q6OZ7DqwZ5OdXX1Tctp1pyMY=
[Licensing::Module] Successfully connected to LicensingClient on channel: "LicenseClient-Adriana-6000.2.13" (connect: 0.00s, validation: 0.00s, handshake: 1.10s)
[Licensing::IpcConnector] Successfully connected to: "LicenseClient-Adriana-6000.2.13-notifications" at "2025-12-08T19:06:58.7617811Z"
[Licensing::Module] Licensing Background thread has ended after 2.46s
[Licensing::Module] Licensing is initialized (took 1.36s).
[Licensing::Client] Successfully resolved entitlement details
[Licensing::Module] License group:
  Id: 7972505243881-UnityPersXXXX
  Product: Unity Personal
  Type: Assigned
  Expiration: Unlimited
Register platform support module: C:/Program Files/Unity/Hub/Editor/6000.2.13f1/Editor/Data/PlaybackEngines/AndroidPlayer/UnityEditor.Android.Extensions.dll
Registered in 1.366793 seconds.
- Loaded All Assemblies, in  1.945 seconds
Native extension for Android target not found
Android Extension - Scanning For ADB Devices 342 ms
Native extension for WindowsStandalone target not found
Native extension for WebGL target not found
Mono: successfully reloaded assembly
- Finished resetting the current domain, in  0.961 seconds
Domain Reload Profiling: 2903ms
	BeginReloadAssembly (235ms)
		ExecutionOrderSort (0ms)
		DisableScriptedObjects (0ms)
		BackupInstance (0ms)
		ReleaseScriptingObjects (0ms)
		CreateAndSetChildDomain (1ms)
	RebuildCommonClasses (60ms)
	RebuildNativeTypeToScriptingClass (24ms)
	initialDomainReloadingComplete (1425ms)
	LoadAllAssembliesAndSetupDomain (196ms)
		LoadAssemblies (234ms)
		RebuildTransferFunctionScriptingTraits (0ms)
		AnalyzeDomain (190ms)
			TypeCache.Refresh (188ms)
				TypeCache.ScanAssembly (174ms)
			BuildScriptInfoCaches (0ms)
			ResolveRequiredComponents (0ms)
	FinalizeReload (961ms)
		ReleaseScriptCaches (0ms)
		RebuildScriptCaches (0ms)
		SetupLoadedEditorAssemblies (885ms)
			LogAssemblyErrors (0ms)
			InitializePlatformSupportModulesInManaged (495ms)
			SetLoadedEditorAssemblies (5ms)
			BeforeProcessingInitializeOnLoad (110ms)
			ProcessInitializeOnLoadAttributes (193ms)
			ProcessInitializeOnLoadMethodAttributes (82ms)
			AfterProcessingInitializeOnLoad (0ms)
			EditorAssembliesLoaded (0ms)
		ExecutionOrderSort2 (0ms)
		AwakeInstancesAfterBackupRestoration (0ms)
========================================================================
Worker process is ready to serve import requests
Import Worker Mode flag is 0x00
Begin MonoManager ReloadAssembly
[Licensing::Client] Successfully resolved entitlement details
- Loaded All Assemblies, in  1.129 seconds
Refreshing native plugins compatible for Editor in 9.11 ms, found 9 plugins.
Native extension for Android target not found
Native extension for WindowsStandalone target not found
Native extension for WebGL target not found
Package Manager log level set to [2]
[Package Manager] Failed to launch server process. Reason: Unity was launched with the -noUpm command-line argument
[Package Manager] Unable to send message (not connected to server process).
[Package Manager] Cannot connect to Unity Package Manager local server
Mono: successfully reloaded assembly
[Package Manager] Failed to launch server process. Reason: Unity was launched with the -noUpm command-line argument
[Package Manager] Unable to send message (not connected to server process).
[Package Manager] Cannot connect to Unity Package Manager local server
[Package Manager] Failed to launch server process. Reason: Unity was launched with the -noUpm command-line argument
[Package Manager] Unable to send message (not connected to server process).
[Package Manager] Cannot connect to Unity Package Manager local server
- Finished resetting the current domain, in  1.248 seconds
Domain Reload Profiling: 2373ms
	BeginReloadAssembly (203ms)
		ExecutionOrderSort (0ms)
		DisableScriptedObjects (7ms)
		BackupInstance (0ms)
		ReleaseScriptingObjects (0ms)
		CreateAndSetChildDomain (30ms)
	RebuildCommonClasses (40ms)
	RebuildNativeTypeToScriptingClass (22ms)
	initialDomainReloadingComplete (50ms)
	LoadAllAssembliesAndSetupDomain (809ms)
		LoadAssemblies (535ms)
		RebuildTransferFunctionScriptingTraits (0ms)
		AnalyzeDomain (388ms)
			TypeCache.Refresh (285ms)
				TypeCache.ScanAssembly (263ms)
			BuildScriptInfoCaches (78ms)
			ResolveRequiredComponents (19ms)
	FinalizeReload (1248ms)
		ReleaseScriptCaches (0ms)
		RebuildScriptCaches (0ms)
		SetupLoadedEditorAssemblies (917ms)
			LogAssemblyErrors (0ms)
			InitializePlatformSupportModulesInManaged (15ms)
			SetLoadedEditorAssemblies (7ms)
			BeforeProcessingInitializeOnLoad (230ms)
			ProcessInitializeOnLoadAttributes (518ms)
			ProcessInitializeOnLoadMethodAttributes (143ms)
			AfterProcessingInitializeOnLoad (4ms)
			EditorAssembliesLoaded (0ms)
		ExecutionOrderSort2 (0ms)
		AwakeInstancesAfterBackupRestoration (7ms)
Launched and connected shader compiler UnityShaderCompiler.exe after 0.01 seconds
Refreshing native plugins compatible for Editor in 8.70 ms, found 9 plugins.
Preloading 0 native plugins for Editor in 0.00 ms.
Unloading 13 Unused Serialized files (Serialized files now loaded: 0)
Unloading 7258 unused Assets / (4.9 MB). Loaded Objects now: 7974.
Memory consumption went from 140.2 MB to 135.2 MB.
Total: 10.869000 ms (FindLiveObjects: 0.728800 ms CreateObjectMapping: 0.567200 ms MarkObjects: 6.840200 ms  DeleteObjects: 2.730900 ms)

========================================================================
Received Import Request.
  Time since last request: 1070154.679284 seconds.
  path: Assets/Scenes/Scena_noua.unity
  artifactKey: Guid(7bb29ecdf7ca9e24e90a0431f1470346) Importer(815301076,1909f56bfc062723c751e8b465ee728b)
Start importing Assets/Scenes/Scena_noua.unity using Guid(7bb29ecdf7ca9e24e90a0431f1470346) Importer(815301076,1909f56bfc062723c751e8b465ee728b) (PreviewImporter) -> (artifact id: '47fbe28d07e37a2a5c15f16bda2c5dc0') in 0.006816 seconds
Number of updated asset objects reloaded before import = 0Number of asset objects unloaded after import = 0

========================================================================
Received Import Request.
  Time since last request: 2.514733 seconds.
  path: Assets/InputSystem_Actions.inputactions
  artifactKey: Guid(052faaac586de48259a63d0c4782560b) Importer(2089858483,192608db42251d675da83286b1cce702)
Start importing Assets/InputSystem_Actions.inputactions using Guid(052faaac586de48259a63d0c4782560b) Importer(2089858483,192608db42251d675da83286b1cce702) (ScriptedImporter) -> (artifact id: '44685d31e32fc8dfb431d0b01efb749a') in 0.4926148 seconds
Number of updated asset objects reloaded before import = 0Number of asset objects unloaded after import = 22

========================================================================
Received Import Request.
  Time since last request: 0.000020 seconds.
  path: Assets/TDG Kiddy Rides/Models/Poster3.fbx
  artifactKey: Guid(f13e577175d9dce4e85b4fbfed9b889a) Importer(2089858483,192608db42251d675da83286b1cce702)
Start importing Assets/TDG Kiddy Rides/Models/Poster3.fbx using Guid(f13e577175d9dce4e85b4fbfed9b889a) Importer(2089858483,192608db42251d675da83286b1cce702) (ScriptedImporter) -> (artifact id: '75acf959a2e839646fb793125c7b3020') in 0.1521025 seconds
Number of updated asset objects reloaded before import = 0Number of asset objects unloaded after import = 9

========================================================================
Received Import Request.
  Time since last request: 0.000036 seconds.
  path: Assets/TDG Kiddy Rides/Models/FireEngine.fbx
  artifactKey: Guid(b2dca12946b13b243a87be3166c01bf0) Importer(2089858483,192608db42251d675da83286b1cce702)
Start importing Assets/TDG Kiddy Rides/Models/FireEngine.fbx using Guid(b2dca12946b13b243a87be3166c01bf0) Importer(2089858483,192608db42251d675da83286b1cce702) (ScriptedImporter) -> (artifact id: 'cd65fefde7b1035bd3f0c56482c6eebf') in 0.1138319 seconds
Number of updated asset objects reloaded before import = 0Number of asset objects unloaded after import = 211

========================================================================
Received Import Request.
  Time since last request: 0.000034 seconds.
  path: Assets/TDG Kiddy Rides/Materials/Yellow.mat
  artifactKey: Guid(54881373ae56aaa40a859221c496b173) Importer(2089858483,192608db42251d675da83286b1cce702)
Start importing Assets/TDG Kiddy Rides/Materials/Yellow.mat using Guid(54881373ae56aaa40a859221c496b173) Importer(2089858483,192608db42251d675da83286b1cce702) (ScriptedImporter) -> (artifact id: 'ce22a7e2e9775b8f95207f9e40fea86d') in 0.0531899 seconds
Number of updated asset objects reloaded before import = 0Number of asset objects unloaded after import = 1

========================================================================
Received Import Request.
  Time since last request: 0.000019 seconds.
  path: Assets/Spawnare.cs
  artifactKey: Guid(a7108a014ce5a5547a1877a5ca756e47) Importer(2089858483,192608db42251d675da83286b1cce702)
Start importing Assets/Spawnare.cs using Guid(a7108a014ce5a5547a1877a5ca756e47) Importer(2089858483,192608db42251d675da83286b1cce702) (ScriptedImporter) -> (artifact id: 'd2c73841e2b2f13f92727e26d4997a8f') in 0.0266392 seconds
Number of updated asset objects reloaded before import = 0Number of asset objects unloaded after import = 0

========================================================================
Received Import Request.
  Time since last request: 0.000029 seconds.
  path: Assets/TDG Kiddy Rides/Prefabs/Poster3.prefab
  artifactKey: Guid(76a9ffc020c24f647a48366c8331293c) Importer(2089858483,192608db42251d675da83286b1cce702)
Start importing Assets/TDG Kiddy Rides/Prefabs/Poster3.prefab using Guid(76a9ffc020c24f647a48366c8331293c) Importer(2089858483,192608db42251d675da83286b1cce702) (ScriptedImporter) -> (artifact id: '9f843dffd2d83053c326c2db9efb3bcb') in 0.071418 seconds
Number of updated asset objects reloaded before import = 0Number of asset objects unloaded after import = 8

========================================================================
Received Import Request.
  Time since last request: 0.000019 seconds.
  path: Assets/TDG Kiddy Rides/Documentation.txt
  artifactKey: Guid(296c2f08656e8da45a1349ebd7a40c29) Importer(2089858483,192608db42251d675da83286b1cce702)
Start importing Assets/TDG Kiddy Rides/Documentation.txt using Guid(296c2f08656e8da45a1349ebd7a40c29) Importer(2089858483,192608db42251d675da83286b1cce702) (ScriptedImporter) -> (artifact id: '09ee0a2b6fabaf54009bd7367fcc865d') in 0.0424824 seconds
Number of updated asset objects reloaded before import = 0Number of asset objects unloaded after import = 1

========================================================================
Received Import Request.
  Time since last request: 0.000024 seconds.
  path: Assets/TDG Kiddy Rides/Materials/Wall.mat
  artifactKey: Guid(b66007126e4ceea459f9644daccbada4) Importer(2089858483,192608db42251d675da83286b1cce702)
Start importing Assets/TDG Kiddy Rides/Materials/Wall.mat using Guid(b66007126e4ceea459f9644daccbada4) Importer(2089858483,192608db42251d675da83286b1cce702) (ScriptedImporter) -> (artifact id: '8d797a136fbbd99ff00e9e4e4fbe952a') in 0.1710602 seconds
Number of updated asset objects reloaded before import = 0Number of asset objects unloaded after import = 4

========================================================================
Received Import Request.
  Time since last request: 0.000023 seconds.
  path: Assets/XRI/Settings/XRInteractionEditorSettings.asset
  artifactKey: Guid(73d50bc3cca26f24e8aa163f6fe286bf) Importer(2089858483,192608db42251d675da83286b1cce702)
Start importing Assets/XRI/Settings/XRInteractionEditorSettings.asset using Guid(73d50bc3cca26f24e8aa163f6fe286bf) Importer(2089858483,192608db42251d675da83286b1cce702) (ScriptedImporter) -> (artifact id: '7b71f8b9ab4324dd5c6f2d905a385aaf') in 0.0307298 seconds
Number of updated asset objects reloaded before import = 0Number of asset objects unloaded after import = 1

========================================================================
Received Import Request.
  Time since last request: 0.000035 seconds.
  path: Assets/TDG Kiddy Rides/Scripts/Screenshot.cs
  artifactKey: Guid(0b334fcc0f0d7794096c2a5e8d6edf26) Importer(2089858483,192608db42251d675da83286b1cce702)
Start importing Assets/TDG Kiddy Rides/Scripts/Screenshot.cs using Guid(0b334fcc0f0d7794096c2a5e8d6edf26) Importer(2089858483,192608db42251d675da83286b1cce702) (ScriptedImporter) -> (artifact id: '6f4c944576168690de13e0b0aa99ea37') in 0.0207206 seconds
Number of updated asset objects reloaded before import = 0Number of asset objects unloaded after import = 0

========================================================================
Received Import Request.
  Time since last request: 0.000018 seconds.
  path: Assets/Animated Hands/Animations/r_hand_pinch_anim.fbx
  artifactKey: Guid(165871bb4fa915847973b6955c7a670d) Importer(2089858483,192608db42251d675da83286b1cce702)
Start importing Assets/Animated Hands/Animations/r_hand_pinch_anim.fbx using Guid(165871bb4fa915847973b6955c7a670d) Importer(2089858483,192608db42251d675da83286b1cce702) (ScriptedImporter) -> (artifact id: '563a0cc978f8e876522e3f9d0401b1c6') in 0.0701822 seconds
Number of updated asset objects reloaded before import = 0Number of asset objects unloaded after import = 57

========================================================================
Received Import Request.
  Time since last request: 0.000024 seconds.
  path: Assets/TDG Kiddy Rides/Animations/Car.controller
  artifactKey: Guid(415da47578a70c14ba15d9e548995888) Importer(2089858483,192608db42251d675da83286b1cce702)
Start importing Assets/TDG Kiddy Rides/Animations/Car.controller using Guid(415da47578a70c14ba15d9e548995888) Importer(2089858483,192608db42251d675da83286b1cce702) (ScriptedImporter) -> (artifact id: 'd0a48130ea0a28e5e1984b2d8e535d3d') in 0.0853666 seconds
Number of updated asset objects reloaded before import = 0Number of asset objects unloaded after import = 4

========================================================================
Received Import Request.
  Time since last request: 0.000023 seconds.
  path: Assets/TDG Kiddy Rides/Materials/Red.mat
  artifactKey: Guid(c1fcf8640ea3eb34f87ec3ad9c12ce4e) Importer(2089858483,192608db42251d675da83286b1cce702)
Start importing Assets/TDG Kiddy Rides/Materials/Red.mat using Guid(c1fcf8640ea3eb34f87ec3ad9c12ce4e) Importer(2089858483,192608db42251d675da83286b1cce702) (ScriptedImporter) -> (artifact id: '35666448a722d4b8f1881c508936d9bb') in 0.0499982 seconds
Number of updated asset objects reloaded before import = 0Number of asset objects unloaded after import = 1

========================================================================
Received Import Request.
  Time since last request: 0.000032 seconds.
  path: Assets/TDG Kiddy Rides/Materials/Red Light On.mat
  artifactKey: Guid(8b9ac73422d9112499e0211d6f4b3684) Importer(2089858483,192608db42251d675da83286b1cce702)
Start importing Assets/TDG Kiddy Rides/Materials/Red Light On.mat using Guid(8b9ac73422d9112499e0211d6f4b3684) Importer(2089858483,192608db42251d675da83286b1cce702) (ScriptedImporter) -> (artifact id: '3748efb2053774bd2056ba176d3a6de0') in 0.0520594 seconds
Number of updated asset objects reloaded before import = 0Number of asset objects unloaded after import = 1

========================================================================
Received Import Request.
  Time since last request: 0.000018 seconds.
  path: Assets/TDG Kiddy Rides/Models/Background.fbx
  artifactKey: Guid(7c3108180c5772c41b932b5ac1f57cda) Importer(2089858483,192608db42251d675da83286b1cce702)
Start importing Assets/TDG Kiddy Rides/Models/Background.fbx using Guid(7c3108180c5772c41b932b5ac1f57cda) Importer(2089858483,192608db42251d675da83286b1cce702) (ScriptedImporter) -> (artifact id: 'b0cf6026153bcfbddef77255e36ed3d8') in 0.0827908 seconds
Number of updated asset objects reloaded before import = 0Number of asset objects unloaded after import = 14

========================================================================
Received Import Request.
  Time since last request: 0.000027 seconds.
  path: Assets/Scripts/inputTest.cs
  artifactKey: Guid(f6f5cb8f3dc47744db9be48460fb3c0a) Importer(2089858483,192608db42251d675da83286b1cce702)
Start importing Assets/Scripts/inputTest.cs using Guid(f6f5cb8f3dc47744db9be48460fb3c0a) Importer(2089858483,192608db42251d675da83286b1cce702) (ScriptedImporter) -> (artifact id: '804f1cbc0d72051f7daf2e857d81a129') in 0.0290817 seconds
Number of updated asset objects reloaded before import = 0Number of asset objects unloaded after import = 0

========================================================================
Received Import Request.
  Time since last request: 0.000048 seconds.
  path: Assets/XRI/Settings/Resources/XRDeviceSimulatorSettings.asset
  artifactKey: Guid(cabd2985161991f4ca167f3a2c5ee406) Importer(2089858483,192608db42251d675da83286b1cce702)
Start importing Assets/XRI/Settings/Resources/XRDeviceSimulatorSettings.asset using Guid(cabd2985161991f4ca167f3a2c5ee406) Importer(2089858483,192608db42251d675da83286b1cce702) (ScriptedImporter) -> (artifact id: '2e0c7a03c0bb631ae61c837930753b43') in 0.0517271 seconds
Number of updated asset objects reloaded before import = 0Number of asset objects unloaded after import = 1

========================================================================
Received Import Request.
  Time since last request: 0.000019 seconds.
  path: Assets/XRI/Settings/Resources/InteractionLayerSettings.asset
  artifactKey: Guid(49d555a7fdab6f140859735d023ce73a) Importer(2089858483,192608db42251d675da83286b1cce702)
Start importing Assets/XRI/Settings/Resources/InteractionLayerSettings.asset using Guid(49d555a7fdab6f140859735d023ce73a) Importer(2089858483,192608db42251d675da83286b1cce702) (ScriptedImporter) -> (artifact id: '6a19d61836e08b6fcac81f5f8870262c') in 0.0293776 seconds
Number of updated asset objects reloaded before import = 0Number of asset objects unloaded after import = 1

========================================================================
Received Import Request.
  Time since last request: 0.000022 seconds.
  path: Assets/TDG Kiddy Rides/Materials/Textures/PostersSheet.png
  artifactKey: Guid(eea3c87f22bf7cd4085ec2fb2e1a2a27) Importer(2089858483,192608db42251d675da83286b1cce702)
Start importing Assets/TDG Kiddy Rides/Materials/Textures/PostersSheet.png using Guid(eea3c87f22bf7cd4085ec2fb2e1a2a27) Importer(2089858483,192608db42251d675da83286b1cce702) (ScriptedImporter) -> (artifact id: '289157407e6a700f3f39908e6d466e9b') in 0.0965569 seconds
Number of updated asset objects reloaded before import = 0Number of asset objects unloaded after import = 1

========================================================================
Received Import Request.
  Time since last request: 0.000026 seconds.
  path: Assets/CartoonTracksPack1/Track1/Physics Materials/wall.physicMaterial
  artifactKey: Guid(88ae8967ae5e1514abc111b523990106) Importer(2089858483,192608db42251d675da83286b1cce702)
Start importing Assets/CartoonTracksPack1/Track1/Physics Materials/wall.physicMaterial using Guid(88ae8967ae5e1514abc111b523990106) Importer(2089858483,192608db42251d675da83286b1cce702) (ScriptedImporter) -> (artifact id: '02bd333e49089b633d61798b55652f27') in 0.0510378 seconds
Number of updated asset objects reloaded before import = 0Number of asset objects unloaded after import = 1

========================================================================
Received Import Request.
  Time since last request: 0.000055 seconds.
  path: Assets/CartoonTracksPack1/Track1/Textures/trees.psd
  artifactKey: Guid(5ded63cbb5b7e4c4ea965828fae5ba0d) Importer(2089858483,192608db42251d675da83286b1cce702)
Start importing Assets/CartoonTracksPack1/Track1/Textures/trees.psd using Guid(5ded63cbb5b7e4c4ea965828fae5ba0d) Importer(2089858483,192608db42251d675da83286b1cce702) (ScriptedImporter) -> (artifact id: '46f34396c7f456d08245873eb96ac473') in 0.0607528 seconds
Number of updated asset objects reloaded before import = 0Number of asset objects unloaded after import = 1

========================================================================
Received Import Request.
  Time since last request: 0.000014 seconds.
  path: Assets/CartoonTracksPack1/Track1/Meshes/Prefab_Meshes/prop_baloon_D.FBX
  artifactKey: Guid(cab9e07ba6f7eec49afd902cc293b022) Importer(2089858483,192608db42251d675da83286b1cce702)
Start importing Assets/CartoonTracksPack1/Track1/Meshes/Prefab_Meshes/prop_baloon_D.FBX using Guid(cab9e07ba6f7eec49afd902cc293b022) Importer(2089858483,192608db42251d675da83286b1cce702) (ScriptedImporter) -> (artifact id: '6ae755560eb7629f3ccee35cb786b7e1') in 0.0758861 seconds
Number of updated asset objects reloaded before import = 0Number of asset objects unloaded after import = 9

========================================================================
Received Import Request.
  Time since last request: 0.000035 seconds.
  path: Assets/CartoonTracksPack1/Track1/Meshes/Prefab_Meshes/prop_adbox_A.FBX
  artifactKey: Guid(a88f373ab69427641a1e63782cc83659) Importer(2089858483,192608db42251d675da83286b1cce702)
Start importing Assets/CartoonTracksPack1/Track1/Meshes/Prefab_Meshes/prop_adbox_A.FBX using Guid(a88f373ab69427641a1e63782cc83659) Importer(2089858483,192608db42251d675da83286b1cce702) (ScriptedImporter) -> (artifact id: '58a3775acb06678cc6fb6b664cd2e344') in 0.4090008 seconds
Number of updated asset objects reloaded before import = 0Number of asset objects unloaded after import = 10

========================================================================
Received Import Request.
  Time since last request: 0.000032 seconds.
  path: Assets/CartoonTracksPack1/Track1/Meshes/Prefab_Meshes/prop_baloon_F.FBX
  artifactKey: Guid(6889c60a505e2674591635978d6b3f1c) Importer(2089858483,192608db42251d675da83286b1cce702)
Start importing Assets/CartoonTracksPack1/Track1/Meshes/Prefab_Meshes/prop_baloon_F.FBX using Guid(6889c60a505e2674591635978d6b3f1c) Importer(2089858483,192608db42251d675da83286b1cce702) (ScriptedImporter) -> (artifact id: '2db0193bc1582949fa5ee12b72a9ad35') in 0.080238 seconds
Number of updated asset objects reloaded before import = 0Number of asset objects unloaded after import = 9

========================================================================
Received Import Request.
  Time since last request: 0.000020 seconds.
  path: Assets/CartoonTracksPack1/Track1/Textures/barriers.psd
  artifactKey: Guid(14f6f75987d2d2a48b03ff5199ae9fda) Importer(2089858483,192608db42251d675da83286b1cce702)
Start importing Assets/CartoonTracksPack1/Track1/Textures/barriers.psd using Guid(14f6f75987d2d2a48b03ff5199ae9fda) Importer(2089858483,192608db42251d675da83286b1cce702) (ScriptedImporter) -> (artifact id: 'e6903d11c7d46dbdbe29ec0032c389f9') in 0.037921 seconds
Number of updated asset objects reloaded before import = 0Number of asset objects unloaded after import = 1

========================================================================
Received Import Request.
  Time since last request: 0.000031 seconds.
  path: Assets/TDG Kiddy Rides/Materials/Textures/Concrete_Height.png
  artifactKey: Guid(dbd29f13ef4b4904db35890fb287eed5) Importer(2089858483,192608db42251d675da83286b1cce702)
Start importing Assets/TDG Kiddy Rides/Materials/Textures/Concrete_Height.png using Guid(dbd29f13ef4b4904db35890fb287eed5) Importer(2089858483,192608db42251d675da83286b1cce702) (ScriptedImporter) -> (artifact id: 'a976d6ecabd8c1bb26f24a953b9c9b95') in 0.0769559 seconds
Number of updated asset objects reloaded before import = 0Number of asset objects unloaded after import = 1

========================================================================
Received Import Request.
  Time since last request: 0.000030 seconds.
  path: Assets/TDG Kiddy Rides/Models/Train.fbx
  artifactKey: Guid(4d34897e4abd99a479981ef28f68c1d8) Importer(2089858483,192608db42251d675da83286b1cce702)
Start importing Assets/TDG Kiddy Rides/Models/Train.fbx using Guid(4d34897e4abd99a479981ef28f68c1d8) Importer(2089858483,192608db42251d675da83286b1cce702) (ScriptedImporter) -> (artifact id: '7aa197ebc0d6cc9910bfb194d2e64cfb') in 0.104266 seconds
Number of updated asset objects reloaded before import = 0Number of asset objects unloaded after import = 130

========================================================================
Received Import Request.
  Time since last request: 0.000020 seconds.
  path: Assets/TDG Kiddy Rides/Materials/Grey Floor.mat
  artifactKey: Guid(48ecd77cd694cd24c82db6e50a69e256) Importer(2089858483,192608db42251d675da83286b1cce702)
Start importing Assets/TDG Kiddy Rides/Materials/Grey Floor.mat using Guid(48ecd77cd694cd24c82db6e50a69e256) Importer(2089858483,192608db42251d675da83286b1cce702) (ScriptedImporter) -> (artifact id: 'f661316a412f68226f5c7d1a3c5726ae') in 0.0437586 seconds
Number of updated asset objects reloaded before import = 0Number of asset objects unloaded after import = 1

========================================================================
Received Import Request.
  Time since last request: 0.000020 seconds.
  path: Assets/CartoonTracksPack1/Track1/Meshes/Prefab_Meshes/prop_baloon_C.FBX
  artifactKey: Guid(328aadb935b3c864db0c3ee4fef17145) Importer(2089858483,192608db42251d675da83286b1cce702)
Start importing Assets/CartoonTracksPack1/Track1/Meshes/Prefab_Meshes/prop_baloon_C.FBX using Guid(328aadb935b3c864db0c3ee4fef17145) Importer(2089858483,192608db42251d675da83286b1cce702) (ScriptedImporter) -> (artifact id: 'f2bae5cd5bf1512f1ccfc9adfbe88833') in 0.0502888 seconds
Number of updated asset objects reloaded before import = 0Number of asset objects unloaded after import = 9

========================================================================
Received Import Request.
  Time since last request: 0.000032 seconds.
  path: Assets/XR/Settings/OpenXR Editor Settings.asset
  artifactKey: Guid(03b50efffb794f147a3c7164315d6291) Importer(2089858483,192608db42251d675da83286b1cce702)
Start importing Assets/XR/Settings/OpenXR Editor Settings.asset using Guid(03b50efffb794f147a3c7164315d6291) Importer(2089858483,192608db42251d675da83286b1cce702) (ScriptedImporter) -> (artifact id: '323269a7c28479dff271723402dcd140') in 0.0464451 seconds
Number of updated asset objects reloaded before import = 0Number of asset objects unloaded after import = 1

========================================================================
Received Import Request.
  Time since last request: 0.000030 seconds.
  path: Assets/CartoonTracksPack1/Track1/Meshes/Prefab_Meshes/prop_cone_collider.FBX
  artifactKey: Guid(ef933055349481b4ab3c81530503aa9e) Importer(2089858483,192608db42251d675da83286b1cce702)
Start importing Assets/CartoonTracksPack1/Track1/Meshes/Prefab_Meshes/prop_cone_collider.FBX using Guid(ef933055349481b4ab3c81530503aa9e) Importer(2089858483,192608db42251d675da83286b1cce702) (ScriptedImporter) -> (artifact id: '884218091079480b59093c4aa5095154') in 0.0563218 seconds
Number of updated asset objects reloaded before import = 0Number of asset objects unloaded after import = 9

========================================================================
Received Import Request.
  Time since last request: 0.000020 seconds.
  path: Assets/Scenes/Main Scene.unity
  artifactKey: Guid(013640891b253ca4b9970af6fa8746ef) Importer(2089858483,192608db42251d675da83286b1cce702)
Start importing Assets/Scenes/Main Scene.unity using Guid(013640891b253ca4b9970af6fa8746ef) Importer(2089858483,192608db42251d675da83286b1cce702) (ScriptedImporter) -> (artifact id: '550b1f15bff186dbdc32447febe3c150') in 0.0320142 seconds
Number of updated asset objects reloaded before import = 0Number of asset objects unloaded after import = 1

========================================================================
Received Import Request.
  Time since last request: 0.000018 seconds.
  path: Assets/CartoonTracksPack1/Track1/Meshes/Prefab_Meshes/prop_baloon_A.FBX
  artifactKey: Guid(276698ad9617fed4f9802f3cda8dc35b) Importer(2089858483,192608db42251d675da83286b1cce702)
Start importing Assets/CartoonTracksPack1/Track1/Meshes/Prefab_Meshes/prop_baloon_A.FBX using Guid(276698ad9617fed4f9802f3cda8dc35b) Importer(2089858483,192608db42251d675da83286b1cce702) (ScriptedImporter) -> (artifact id: 'fde2169a3b11de48e21a2845c0321e61') in 0.0621492 seconds
Number of updated asset objects reloaded before import = 0Number of asset objects unloaded after import = 9

========================================================================
Received Import Request.
  Time since last request: 0.000028 seconds.
  path: Assets/CartoonTracksPack1/Track1/Meshes/Prefab_Meshes/prop_distance_3.FBX
  artifactKey: Guid(f8fc2f504f99b7d46a7e938418b26236) Importer(2089858483,192608db42251d675da83286b1cce702)
Start importing Assets/CartoonTracksPack1/Track1/Meshes/Prefab_Meshes/prop_distance_3.FBX using Guid(f8fc2f504f99b7d46a7e938418b26236) Importer(2089858483,192608db42251d675da83286b1cce702) (ScriptedImporter) -> (artifact id: '8f63fd0cc85730b4bc23f898f5113ab4') in 0.1151979 seconds
Number of updated asset objects reloaded before import = 0Number of asset objects unloaded after import = 9

========================================================================
Received Import Request.
  Time since last request: 0.000030 seconds.
  path: Assets/TDG Kiddy Rides/Models/Poster2.fbx
  artifactKey: Guid(a9276a8e9181c5e4d8b748bfbf529e0c) Importer(2089858483,192608db42251d675da83286b1cce702)
Start importing Assets/TDG Kiddy Rides/Models/Poster2.fbx using Guid(a9276a8e9181c5e4d8b748bfbf529e0c) Importer(2089858483,192608db42251d675da83286b1cce702) (ScriptedImporter) -> (artifact id: 'c1e6250113ec1ec6a42272faa3c07c73') in 0.0587696 seconds
Number of updated asset objects reloaded before import = 0Number of asset objects unloaded after import = 9

========================================================================
Received Import Request.
  Time since last request: 0.000019 seconds.
  path: Assets/Settings/Mobile_RPAsset.asset
  artifactKey: Guid(5e6cbd92db86f4b18aec3ed561671858) Importer(2089858483,192608db42251d675da83286b1cce702)
Start importing Assets/Settings/Mobile_RPAsset.asset using Guid(5e6cbd92db86f4b18aec3ed561671858) Importer(2089858483,192608db42251d675da83286b1cce702) (ScriptedImporter) -> (artifact id: 'c5b6c0fb2641fa4d36d2541114a4b50a') in 0.1068088 seconds
Number of updated asset objects reloaded before import = 0Number of asset objects unloaded after import = 2

========================================================================
Received Import Request.
  Time since last request: 0.000027 seconds.
  path: Assets/CartoonTracksPack1/Track1/Meshes/Prefab_Meshes/prop_team_1.FBX
  artifactKey: Guid(9ec1a48af7c4ad04c8a4b2bf7e08fbe3) Importer(2089858483,192608db42251d675da83286b1cce702)
Start importing Assets/CartoonTracksPack1/Track1/Meshes/Prefab_Meshes/prop_team_1.FBX using Guid(9ec1a48af7c4ad04c8a4b2bf7e08fbe3) Importer(2089858483,192608db42251d675da83286b1cce702) (ScriptedImporter) -> (artifact id: 'b298f2bbb35f9b2a42c8ee7046fbc809') in 0.1225873 seconds
Number of updated asset objects reloaded before import = 0Number of asset objects unloaded after import = 9

========================================================================
Received Import Request.
  Time since last request: 0.000023 seconds.
  path: Assets/CartoonTracksPack1/Track1/Meshes/Prefab_Meshes/prop_startline.FBX
  artifactKey: Guid(36cdd4d2346367e458337efdef06e9ed) Importer(2089858483,192608db42251d675da83286b1cce702)
Start importing Assets/CartoonTracksPack1/Track1/Meshes/Prefab_Meshes/prop_startline.FBX using Guid(36cdd4d2346367e458337efdef06e9ed) Importer(2089858483,192608db42251d675da83286b1cce702) (ScriptedImporter) -> (artifact id: '6fe444f4d7935897a7aab14bf1c3c15e') in 0.0551771 seconds
Number of updated asset objects reloaded before import = 0Number of asset objects unloaded after import = 8

========================================================================
Received Import Request.
  Time since last request: 0.000026 seconds.
  path: Assets/CartoonTracksPack1/Track1/Meshes/Prefab_Meshes/prop_pitwall.FBX
  artifactKey: Guid(0d6abd223e93cf44095fb008e6781ace) Importer(2089858483,192608db42251d675da83286b1cce702)
Start importing Assets/CartoonTracksPack1/Track1/Meshes/Prefab_Meshes/prop_pitwall.FBX using Guid(0d6abd223e93cf44095fb008e6781ace) Importer(2089858483,192608db42251d675da83286b1cce702) (ScriptedImporter) -> (artifact id: '2f9f69cfb1134810fabbc420d76976f6') in 0.1061786 seconds
Number of updated asset objects reloaded before import = 0Number of asset objects unloaded after import = 9

========================================================================
Received Import Request.
  Time since last request: 0.000040 seconds.
  path: Assets/TDG Kiddy Rides/Materials/Posters.mat
  artifactKey: Guid(061ff49cfc7b49d468f2ab6eb7927e33) Importer(2089858483,192608db42251d675da83286b1cce702)
Start importing Assets/TDG Kiddy Rides/Materials/Posters.mat using Guid(061ff49cfc7b49d468f2ab6eb7927e33) Importer(2089858483,192608db42251d675da83286b1cce702) (ScriptedImporter) -> (artifact id: '50e1722c45ac711228748812819b06fa') in 0.0318346 seconds
Number of updated asset objects reloaded before import = 0Number of asset objects unloaded after import = 2

========================================================================
Received Import Request.
  Time since last request: 0.000021 seconds.
  path: Assets/CartoonTracksPack1/Track1/Meshes/Materials/GRAVEL.mat
  artifactKey: Guid(4c74f9cb9bc5fa443a3b6765771b4348) Importer(2089858483,192608db42251d675da83286b1cce702)
Start importing Assets/CartoonTracksPack1/Track1/Meshes/Materials/GRAVEL.mat using Guid(4c74f9cb9bc5fa443a3b6765771b4348) Importer(2089858483,192608db42251d675da83286b1cce702) (ScriptedImporter) -> (artifact id: 'c3c15abf77b53e4b47127baff39be375') in 0.0913749 seconds
Number of updated asset objects reloaded before import = 0Number of asset objects unloaded after import = 2

========================================================================
Received Import Request.
  Time since last request: 0.000021 seconds.
  path: Assets/CartoonTracksPack1/Track1/Meshes/Prefab_Meshes/prop_wall_D.FBX
  artifactKey: Guid(b7800b05ebc712c4e95e143f047900a3) Importer(2089858483,192608db42251d675da83286b1cce702)
Start importing Assets/CartoonTracksPack1/Track1/Meshes/Prefab_Meshes/prop_wall_D.FBX using Guid(b7800b05ebc712c4e95e143f047900a3) Importer(2089858483,192608db42251d675da83286b1cce702) (ScriptedImporter) -> (artifact id: 'b093baa6dc1b30c098068bf4433b2ad4') in 0.1199342 seconds
Number of updated asset objects reloaded before import = 0Number of asset objects unloaded after import = 9

========================================================================
Received Import Request.
  Time since last request: 0.000053 seconds.
  path: Assets/CartoonTracksPack1/Track1/Meshes/Prefab_Meshes/prop_tyre_4x1_B.FBX
  artifactKey: Guid(35be21012e6193c469afbc9a761ebe46) Importer(2089858483,192608db42251d675da83286b1cce702)
Start importing Assets/CartoonTracksPack1/Track1/Meshes/Prefab_Meshes/prop_tyre_4x1_B.FBX using Guid(35be21012e6193c469afbc9a761ebe46) Importer(2089858483,192608db42251d675da83286b1cce702) (ScriptedImporter) -> (artifact id: '15cbc5151c45d18c708c271ea6840405') in 0.0630251 seconds
Number of updated asset objects reloaded before import = 0Number of asset objects unloaded after import = 9

========================================================================
Received Import Request.
  Time since last request: 0.000021 seconds.
  path: Assets/CartoonTracksPack1/Track1/Meshes/Prefab_Meshes/prop_tree_B.FBX
  artifactKey: Guid(c7e3110bb2d950a4abb8ce4f5506a2b3) Importer(2089858483,192608db42251d675da83286b1cce702)
Start importing Assets/CartoonTracksPack1/Track1/Meshes/Prefab_Meshes/prop_tree_B.FBX using Guid(c7e3110bb2d950a4abb8ce4f5506a2b3) Importer(2089858483,192608db42251d675da83286b1cce702) (ScriptedImporter) -> (artifact id: '0da2967b96b51e0b4b655665d066689a') in 0.0602394 seconds
Number of updated asset objects reloaded before import = 0Number of asset objects unloaded after import = 9

========================================================================
Received Import Request.
  Time since last request: 0.000020 seconds.
  path: Assets/CartoonTracksPack1/Track1/Meshes/Prefab_Meshes/prop_barrier_4M.FBX
  artifactKey: Guid(57d844aae2feec04cbbf58385598baea) Importer(2089858483,192608db42251d675da83286b1cce702)
Start importing Assets/CartoonTracksPack1/Track1/Meshes/Prefab_Meshes/prop_barrier_4M.FBX using Guid(57d844aae2feec04cbbf58385598baea) Importer(2089858483,192608db42251d675da83286b1cce702) (ScriptedImporter) -> (artifact id: '0d9ed3aa31ada2b845e4c5d98fc5d1ba') in 0.0683894 seconds
Number of updated asset objects reloaded before import = 0Number of asset objects unloaded after import = 9

========================================================================
Received Import Request.
  Time since last request: 0.000022 seconds.
  path: Assets/TDG Kiddy Rides/Models/Curb.fbx
  artifactKey: Guid(02258fdc75ae2324a881617d74a0a807) Importer(2089858483,192608db42251d675da83286b1cce702)
Start importing Assets/TDG Kiddy Rides/Models/Curb.fbx using Guid(02258fdc75ae2324a881617d74a0a807) Importer(2089858483,192608db42251d675da83286b1cce702) (ScriptedImporter) -> (artifact id: 'c1ea99742358a27b949ec359fcbd08ec') in 0.0598275 seconds
Number of updated asset objects reloaded before import = 0Number of asset objects unloaded after import = 8

========================================================================
Received Import Request.
  Time since last request: 0.000029 seconds.
  path: Assets/CartoonTracksPack1/Track1/Textures/rock.psd
  artifactKey: Guid(83409b5a6eb867e4fb5f01f8af827481) Importer(2089858483,192608db42251d675da83286b1cce702)
Start importing Assets/CartoonTracksPack1/Track1/Textures/rock.psd using Guid(83409b5a6eb867e4fb5f01f8af827481) Importer(2089858483,192608db42251d675da83286b1cce702) (ScriptedImporter) -> (artifact id: '1c66865f4d97db77d5aeee27647d59f0') in 0.0363535 seconds
Number of updated asset objects reloaded before import = 0Number of asset objects unloaded after import = 1

========================================================================
Received Import Request.
  Time since last request: 0.000021 seconds.
  path: Assets/CartoonTracksPack1/Track1/Meshes/Prefab_Meshes/prop_tyre_1x1_A.FBX
  artifactKey: Guid(a4612e099c2424a4c86ea2653affd8ac) Importer(2089858483,192608db42251d675da83286b1cce702)
Start importing Assets/CartoonTracksPack1/Track1/Meshes/Prefab_Meshes/prop_tyre_1x1_A.FBX using Guid(a4612e099c2424a4c86ea2653affd8ac) Importer(2089858483,192608db42251d675da83286b1cce702) (ScriptedImporter) -> (artifact id: 'a22c74bc47f95aa1915b8b5e483f3eeb') in 0.0597356 seconds
Number of updated asset objects reloaded before import = 0Number of asset objects unloaded after import = 9

========================================================================
Received Import Request.
  Time since last request: 0.000025 seconds.
  path: Assets/CartoonTracksPack1/Track1/Prefabs/Props/prop_lamp.prefab
  artifactKey: Guid(da6b0a9d56a9d9a439ce84b9b837fefc) Importer(2089858483,192608db42251d675da83286b1cce702)
Start importing Assets/CartoonTracksPack1/Track1/Prefabs/Props/prop_lamp.prefab using Guid(da6b0a9d56a9d9a439ce84b9b837fefc) Importer(2089858483,192608db42251d675da83286b1cce702) (ScriptedImporter) -> (artifact id: '5768b96a271e960d520a6495f9bf96c9') in 0.1019751 seconds
Number of updated asset objects reloaded before import = 0Number of asset objects unloaded after import = 13

========================================================================
Received Import Request.
  Time since last request: 0.000028 seconds.
  path: Assets/CartoonTracksPack1/Track1/Prefabs/Props/prop_garage.prefab
  artifactKey: Guid(b8bba829b60cf364d81102cdc987fecb) Importer(2089858483,192608db42251d675da83286b1cce702)
Start importing Assets/CartoonTracksPack1/Track1/Prefabs/Props/prop_garage.prefab using Guid(b8bba829b60cf364d81102cdc987fecb) Importer(2089858483,192608db42251d675da83286b1cce702) (ScriptedImporter) -> (artifact id: '649b0b2e52b9ade7d34340c036ea5df0') in 0.0575971 seconds
Number of updated asset objects reloaded before import = 0Number of asset objects unloaded after import = 28

========================================================================
Received Import Request.
  Time since last request: 0.000033 seconds.
  path: Assets/CartoonTracksPack1/Track1/Prefabs/Props/prop_seats_small.prefab
  artifactKey: Guid(bcb8b4b90351651479e67882dee642e0) Importer(2089858483,192608db42251d675da83286b1cce702)
Start importing Assets/CartoonTracksPack1/Track1/Prefabs/Props/prop_seats_small.prefab using Guid(bcb8b4b90351651479e67882dee642e0) Importer(2089858483,192608db42251d675da83286b1cce702) (ScriptedImporter) -> (artifact id: '6dabf3b5af631afe6ad535498a7987e9') in 0.0512671 seconds
Number of updated asset objects reloaded before import = 0Number of asset objects unloaded after import = 8

========================================================================
Received Import Request.
  Time since last request: 0.000018 seconds.
  path: Assets/CartoonTracksPack1/Track1/Prefabs/Props/prop_tent.prefab
  artifactKey: Guid(943b41a074885b94fa35dd847606ac8b) Importer(2089858483,192608db42251d675da83286b1cce702)
Start importing Assets/CartoonTracksPack1/Track1/Prefabs/Props/prop_tent.prefab using Guid(943b41a074885b94fa35dd847606ac8b) Importer(2089858483,192608db42251d675da83286b1cce702) (ScriptedImporter) -> (artifact id: 'a0062686d23cea186cb7a44bcd7f512b') in 0.063496 seconds
Number of updated asset objects reloaded before import = 0Number of asset objects unloaded after import = 8

========================================================================
Received Import Request.
  Time since last request: 0.000020 seconds.
  path: Assets/CartoonTracksPack1/Track1/Meshes/Prefab_Meshes/prop_baloon_H.FBX
  artifactKey: Guid(db26bd831937b3d4db8aa6f6794296fc) Importer(2089858483,192608db42251d675da83286b1cce702)
Start importing Assets/CartoonTracksPack1/Track1/Meshes/Prefab_Meshes/prop_baloon_H.FBX using Guid(db26bd831937b3d4db8aa6f6794296fc) Importer(2089858483,192608db42251d675da83286b1cce702) (ScriptedImporter) -> (artifact id: '288b0b2d6acc607570670595f1c1da0e') in 0.057993 seconds
Number of updated asset objects reloaded before import = 0Number of asset objects unloaded after import = 9

========================================================================
Received Import Request.
  Time since last request: 0.000024 seconds.
  path: Assets/CartoonTracksPack1/Track1/Meshes/Prefab_Meshes/prop_baloon_I.FBX
  artifactKey: Guid(57ab3254d8860f04592142d38f3c7898) Importer(2089858483,192608db42251d675da83286b1cce702)
Start importing Assets/CartoonTracksPack1/Track1/Meshes/Prefab_Meshes/prop_baloon_I.FBX using Guid(57ab3254d8860f04592142d38f3c7898) Importer(2089858483,192608db42251d675da83286b1cce702) (ScriptedImporter) -> (artifact id: 'ae181af138fd72de02bf4808dfa99a67') in 0.0585032 seconds
Number of updated asset objects reloaded before import = 0Number of asset objects unloaded after import = 9

========================================================================
Received Import Request.
  Time since last request: 0.000068 seconds.
  path: Assets/Samples/XR Interaction Toolkit/3.2.2/Starter Assets/StarterAssets.asmdef
  artifactKey: Guid(8f07e33567e0ee542b40769c456c6b53) Importer(2089858483,192608db42251d675da83286b1cce702)
Start importing Assets/Samples/XR Interaction Toolkit/3.2.2/Starter Assets/StarterAssets.asmdef using Guid(8f07e33567e0ee542b40769c456c6b53) Importer(2089858483,192608db42251d675da83286b1cce702) (ScriptedImporter) -> (artifact id: 'b65761cf80a4abd3845f5ac820f2f772') in 0.0498641 seconds
Number of updated asset objects reloaded before import = 0Number of asset objects unloaded after import = 1

========================================================================
Received Import Request.
  Time since last request: 0.000013 seconds.
  path: Assets/Samples/XR Interaction Toolkit/3.2.2/Starter Assets/DemoScene.unity
  artifactKey: Guid(319dafa5c80f29f428dc1e0d03f04177) Importer(2089858483,192608db42251d675da83286b1cce702)
Start importing Assets/Samples/XR Interaction Toolkit/3.2.2/Starter Assets/DemoScene.unity using Guid(319dafa5c80f29f428dc1e0d03f04177) Importer(2089858483,192608db42251d675da83286b1cce702) (ScriptedImporter) -> (artifact id: '982da1cb22a3e4e79146cdd5e0065dae') in 0.0289716 seconds
Number of updated asset objects reloaded before import = 0Number of asset objects unloaded after import = 1

========================================================================
Received Import Request.
  Time since last request: 0.000017 seconds.
  path: Assets/CartoonTracksPack1/Track1/Prefabs/Track/oval_mod_terrain.prefab
  artifactKey: Guid(0272d5b08108c7543b70c3ccbcd7249c) Importer(2089858483,192608db42251d675da83286b1cce702)
Start importing Assets/CartoonTracksPack1/Track1/Prefabs/Track/oval_mod_terrain.prefab using Guid(0272d5b08108c7543b70c3ccbcd7249c) Importer(2089858483,192608db42251d675da83286b1cce702) (ScriptedImporter) -> (artifact id: '0b57071d13a696c21500bfeb8d88c550') in 0.0489791 seconds
Number of updated asset objects reloaded before import = 0Number of asset objects unloaded after import = 103

========================================================================
Received Import Request.
  Time since last request: 0.000024 seconds.
  path: Assets/CartoonTracksPack1/Track1/Prefabs/Track/oval_mod_startlights.prefab
  artifactKey: Guid(d7c9b08657eabc54db441e4854d7996e) Importer(2089858483,192608db42251d675da83286b1cce702)
Start importing Assets/CartoonTracksPack1/Track1/Prefabs/Track/oval_mod_startlights.prefab using Guid(d7c9b08657eabc54db441e4854d7996e) Importer(2089858483,192608db42251d675da83286b1cce702) (ScriptedImporter) -> (artifact id: '3908af27cc4dbd055eb7a57b41e22366') in 0.0451196 seconds
Number of updated asset objects reloaded before import = 0Number of asset objects unloaded after import = 44

========================================================================
Received Import Request.
  Time since last request: 0.000030 seconds.
  path: Assets/CartoonTracksPack1/Track1/Prefabs/Track/oval_mod_trees.prefab
  artifactKey: Guid(95fa7fc8bfed17d498b877fadc1697fc) Importer(2089858483,192608db42251d675da83286b1cce702)
Start importing Assets/CartoonTracksPack1/Track1/Prefabs/Track/oval_mod_trees.prefab using Guid(95fa7fc8bfed17d498b877fadc1697fc) Importer(2089858483,192608db42251d675da83286b1cce702) (ScriptedImporter) -> (artifact id: 'a387678c45b9e4026c0af5169dcf14f5') in 0.1446165 seconds
Number of updated asset objects reloaded before import = 0Number of asset objects unloaded after import = 129

========================================================================
Received Import Request.
  Time since last request: 0.000035 seconds.
  path: Assets/CartoonTracksPack1/Track1/Meshes/Prefab_Meshes/prop_team_3.FBX
  artifactKey: Guid(46b6fe1a1de0ce74582b4bdd9ac3b05b) Importer(2089858483,192608db42251d675da83286b1cce702)
Start importing Assets/CartoonTracksPack1/Track1/Meshes/Prefab_Meshes/prop_team_3.FBX using Guid(46b6fe1a1de0ce74582b4bdd9ac3b05b) Importer(2089858483,192608db42251d675da83286b1cce702) (ScriptedImporter) -> (artifact id: 'f5ffb9dd919033627a4f03d9f35eea58') in 0.1043291 seconds
Number of updated asset objects reloaded before import = 0Number of asset objects unloaded after import = 9

========================================================================
Received Import Request.
  Time since last request: 0.000023 seconds.
  path: Assets/CartoonTracksPack1/Track1/Prefabs/Props/Baloons/prop_baloon_C.prefab
  artifactKey: Guid(79dba878759f2a34eb4af105c6c5bb20) Importer(2089858483,192608db42251d675da83286b1cce702)
Start importing Assets/CartoonTracksPack1/Track1/Prefabs/Props/Baloons/prop_baloon_C.prefab using Guid(79dba878759f2a34eb4af105c6c5bb20) Importer(2089858483,192608db42251d675da83286b1cce702) (ScriptedImporter) -> (artifact id: 'fcc80a1c34ce16665c9bb90edb8095f4') in 0.048378 seconds
Number of updated asset objects reloaded before import = 0Number of asset objects unloaded after import = 8

========================================================================
Received Import Request.
  Time since last request: 0.000034 seconds.
  path: Assets/CartoonTracksPack1/Track1/Meshes/Track_Meshes/OvalModular/oval_mod_trees.FBX
  artifactKey: Guid(6306af7c7eb1c114eb364ed8a401c609) Importer(2089858483,192608db42251d675da83286b1cce702)
Start importing Assets/CartoonTracksPack1/Track1/Meshes/Track_Meshes/OvalModular/oval_mod_trees.FBX using Guid(6306af7c7eb1c114eb364ed8a401c609) Importer(2089858483,192608db42251d675da83286b1cce702) (ScriptedImporter) -> (artifact id: 'b42f8f3b814a432e0c22935166a9b6ee') in 0.2516236 seconds
Number of updated asset objects reloaded before import = 0Number of asset objects unloaded after import = 131

========================================================================
Received Import Request.
  Time since last request: 0.000028 seconds.
  path: Assets/CartoonTracksPack1/Track1/Meshes/Track_Meshes/OvalModular/oval_mod_seats.FBX
  artifactKey: Guid(293f92aa499df8046aafc2ff7fe540f5) Importer(2089858483,192608db42251d675da83286b1cce702)
Start importing Assets/CartoonTracksPack1/Track1/Meshes/Track_Meshes/OvalModular/oval_mod_seats.FBX using Guid(293f92aa499df8046aafc2ff7fe540f5) Importer(2089858483,192608db42251d675da83286b1cce702) (ScriptedImporter) -> (artifact id: 'd1aa182f22eb67ee63c133a3bd2f600f') in 0.1529978 seconds
Number of updated asset objects reloaded before import = 0Number of asset objects unloaded after import = 81

========================================================================
Received Import Request.
  Time since last request: 0.000048 seconds.
  path: Assets/CartoonTracksPack1/Track1/Meshes/Track_Meshes/OvalModular/oval_mod_buildings.FBX
  artifactKey: Guid(0cb597630d4bb8f41a434afb692968df) Importer(2089858483,192608db42251d675da83286b1cce702)
Start importing Assets/CartoonTracksPack1/Track1/Meshes/Track_Meshes/OvalModular/oval_mod_buildings.FBX using Guid(0cb597630d4bb8f41a434afb692968df) Importer(2089858483,192608db42251d675da83286b1cce702) (ScriptedImporter) -> (artifact id: 'e7a9ff8310325bb9881443292c315826') in 0.1471968 seconds
Number of updated asset objects reloaded before import = 0Number of asset objects unloaded after import = 176

========================================================================
Received Import Request.
  Time since last request: 0.000021 seconds.
  path: Assets/CartoonTracksPack1/Track1/Prefabs/Props/Banners/prop_adbox_C.prefab
  artifactKey: Guid(7b3402349441f434fa5185dc34688c3a) Importer(2089858483,192608db42251d675da83286b1cce702)
Start importing Assets/CartoonTracksPack1/Track1/Prefabs/Props/Banners/prop_adbox_C.prefab using Guid(7b3402349441f434fa5185dc34688c3a) Importer(2089858483,192608db42251d675da83286b1cce702) (ScriptedImporter) -> (artifact id: '0a4427643b5533cfd1a0c4813503bb2d') in 0.0597959 seconds
Number of updated asset objects reloaded before import = 0Number of asset objects unloaded after import = 9

========================================================================
Received Import Request.
  Time since last request: 0.000021 seconds.
  path: Assets/CartoonTracksPack1/Track1/Prefabs/Props/Baloons/prop_baloon_I.prefab
  artifactKey: Guid(b018de3e7b27816459bcead89b4c2760) Importer(2089858483,192608db42251d675da83286b1cce702)
Start importing Assets/CartoonTracksPack1/Track1/Prefabs/Props/Baloons/prop_baloon_I.prefab using Guid(b018de3e7b27816459bcead89b4c2760) Importer(2089858483,192608db42251d675da83286b1cce702) (ScriptedImporter) -> (artifact id: '92d2c01439539cbec5fae784a7ae63dc') in 0.0506949 seconds
Number of updated asset objects reloaded before import = 0Number of asset objects unloaded after import = 8

========================================================================
Received Import Request.
  Time since last request: 0.000025 seconds.
  path: Assets/CartoonTracksPack1/Track1/Prefabs/Props/Banners/prop_adbox_A.prefab
  artifactKey: Guid(6c524b96cebe56245b2bf666d7879a9a) Importer(2089858483,192608db42251d675da83286b1cce702)
Start importing Assets/CartoonTracksPack1/Track1/Prefabs/Props/Banners/prop_adbox_A.prefab using Guid(6c524b96cebe56245b2bf666d7879a9a) Importer(2089858483,192608db42251d675da83286b1cce702) (ScriptedImporter) -> (artifact id: '73e302d0cfe7546a2732a62d8380ca9c') in 0.0568029 seconds
Number of updated asset objects reloaded before import = 0Number of asset objects unloaded after import = 9

========================================================================
Received Import Request.
  Time since last request: 0.000041 seconds.
  path: Assets/XR/XRGeneralSettingsPerBuildTarget.asset
  artifactKey: Guid(c8538cc895030614abf6b0ee01c6a0d7) Importer(2089858483,192608db42251d675da83286b1cce702)
Start importing Assets/XR/XRGeneralSettingsPerBuildTarget.asset using Guid(c8538cc895030614abf6b0ee01c6a0d7) Importer(2089858483,192608db42251d675da83286b1cce702) (ScriptedImporter) -> (artifact id: 'a06ee903a4e81f9abc90ee6b2413aa00') in 0.0483217 seconds
Number of updated asset objects reloaded before import = 0Number of asset objects unloaded after import = 6

========================================================================
Received Import Request.
  Time since last request: 0.000034 seconds.
  path: Assets/CartoonTracksPack1/Track1/Demo Scenes/single_objects_demo.unity
  artifactKey: Guid(d1202740836520043a407cf5962ccfbb) Importer(2089858483,192608db42251d675da83286b1cce702)
Start importing Assets/CartoonTracksPack1/Track1/Demo Scenes/single_objects_demo.unity using Guid(d1202740836520043a407cf5962ccfbb) Importer(2089858483,192608db42251d675da83286b1cce702) (ScriptedImporter) -> (artifact id: '15e3e2c3ff8d7b48574f5b61153b2c50') in 0.0436706 seconds
Number of updated asset objects reloaded before import = 0Number of asset objects unloaded after import = 1

========================================================================
Received Import Request.
  Time since last request: 0.000034 seconds.
  path: Assets/CartoonTracksPack1/Track1/Meshes/Prefab_Meshes/prop_team_11.FBX
  artifactKey: Guid(a271511b603cb784a95ce01ea02f1709) Importer(2089858483,192608db42251d675da83286b1cce702)
Start importing Assets/CartoonTracksPack1/Track1/Meshes/Prefab_Meshes/prop_team_11.FBX using Guid(a271511b603cb784a95ce01ea02f1709) Importer(2089858483,192608db42251d675da83286b1cce702) (ScriptedImporter) -> (artifact id: '65e617ea947a19f93f4f4e812981f32d') in 0.1057464 seconds
Number of updated asset objects reloaded before import = 0Number of asset objects unloaded after import = 9

========================================================================
Received Import Request.
  Time since last request: 0.000017 seconds.
  path: Assets/CartoonTracksPack1/Track1/Prefabs/Props/Team Signs/prop_team_8.prefab
  artifactKey: Guid(5a7f29cefbb5d6348842d992267fab22) Importer(2089858483,192608db42251d675da83286b1cce702)
Start importing Assets/CartoonTracksPack1/Track1/Prefabs/Props/Team Signs/prop_team_8.prefab using Guid(5a7f29cefbb5d6348842d992267fab22) Importer(2089858483,192608db42251d675da83286b1cce702) (ScriptedImporter) -> (artifact id: '167754a010f14c6e68b8c8e2624139ab') in 0.055119 seconds
Number of updated asset objects reloaded before import = 0Number of asset objects unloaded after import = 8

========================================================================
Received Import Request.
  Time since last request: 0.000022 seconds.
  path: Assets/CartoonTracksPack1/Track1/Prefabs/Props/Team Signs/prop_team_2.prefab
  artifactKey: Guid(b3c55aea0b6607d4795df90cc6f9c620) Importer(2089858483,192608db42251d675da83286b1cce702)
Start importing Assets/CartoonTracksPack1/Track1/Prefabs/Props/Team Signs/prop_team_2.prefab using Guid(b3c55aea0b6607d4795df90cc6f9c620) Importer(2089858483,192608db42251d675da83286b1cce702) (ScriptedImporter) -> (artifact id: '17d518de854dfbfe3c377abcac9cd1e9') in 0.0549973 seconds
Number of updated asset objects reloaded before import = 0Number of asset objects unloaded after import = 8

========================================================================
Received Import Request.
  Time since last request: 0.000029 seconds.
  path: Assets/CartoonTracksPack1/Track1/Prefabs/Props/Team Signs/prop_team_15.prefab
  artifactKey: Guid(d7b24396e89fa6244afaee6ebec0f0c9) Importer(2089858483,192608db42251d675da83286b1cce702)
Start importing Assets/CartoonTracksPack1/Track1/Prefabs/Props/Team Signs/prop_team_15.prefab using Guid(d7b24396e89fa6244afaee6ebec0f0c9) Importer(2089858483,192608db42251d675da83286b1cce702) (ScriptedImporter) -> (artifact id: '5c1e51ab6e83dfb3326e50aef6a375e7') in 0.042591 seconds
Number of updated asset objects reloaded before import = 0Number of asset objects unloaded after import = 8

========================================================================
Received Import Request.
  Time since last request: 0.000017 seconds.
  path: Assets/CartoonTracksPack1/Track1/Prefabs/Props/Team Signs/prop_team_18.prefab
  artifactKey: Guid(ef6136efe92436948ac3de0121241a7b) Importer(2089858483,192608db42251d675da83286b1cce702)
Start importing Assets/CartoonTracksPack1/Track1/Prefabs/Props/Team Signs/prop_team_18.prefab using Guid(ef6136efe92436948ac3de0121241a7b) Importer(2089858483,192608db42251d675da83286b1cce702) (ScriptedImporter) -> (artifact id: '3ed3c2b114a3111005572cb13a1e155e') in 0.0398776 seconds
Number of updated asset objects reloaded before import = 0Number of asset objects unloaded after import = 8

========================================================================
Received Import Request.
  Time since last request: 0.000018 seconds.
  path: Assets/CartoonTracksPack1/Track1/Textures/banners.psd
  artifactKey: Guid(5c251887706200748a1847ea98b41d5d) Importer(2089858483,192608db42251d675da83286b1cce702)
Start importing Assets/CartoonTracksPack1/Track1/Textures/banners.psd using Guid(5c251887706200748a1847ea98b41d5d) Importer(2089858483,192608db42251d675da83286b1cce702) (ScriptedImporter) -> (artifact id: 'c2cab8f4e5abb40fefbb4ca666d59e93') in 0.0939784 seconds
Number of updated asset objects reloaded before import = 0Number of asset objects unloaded after import = 1

========================================================================
Received Import Request.
  Time since last request: 0.000024 seconds.
  path: Assets/CartoonTracksPack1/Track1/Meshes/Track_Meshes/OvalModular/oval_mod_tents.FBX
  artifactKey: Guid(4cbb8f06602ba3b478f3c795260a25c0) Importer(2089858483,192608db42251d675da83286b1cce702)
Start importing Assets/CartoonTracksPack1/Track1/Meshes/Track_Meshes/OvalModular/oval_mod_tents.FBX using Guid(4cbb8f06602ba3b478f3c795260a25c0) Importer(2089858483,192608db42251d675da83286b1cce702) (ScriptedImporter) -> (artifact id: '14f57185dd16ead225b9db0159fe59b8') in 0.1525528 seconds
Number of updated asset objects reloaded before import = 0Number of asset objects unloaded after import = 21

========================================================================
Received Import Request.
  Time since last request: 0.000044 seconds.
  path: Assets/Samples/XR Interaction Toolkit/3.2.2/Starter Assets/Materials/Flat Blue.mat
  artifactKey: Guid(91ff3830fc4055a4fb0d0d2be32101a7) Importer(2089858483,192608db42251d675da83286b1cce702)
Start importing Assets/Samples/XR Interaction Toolkit/3.2.2/Starter Assets/Materials/Flat Blue.mat using Guid(91ff3830fc4055a4fb0d0d2be32101a7) Importer(2089858483,192608db42251d675da83286b1cce702) (ScriptedImporter) -> (artifact id: 'fb47df7309098287417be58e99831fd6') in 0.0567412 seconds
Number of updated asset objects reloaded before import = 0Number of asset objects unloaded after import = 1

========================================================================
Received Import Request.
  Time since last request: 0.000014 seconds.
  path: Assets/Samples/XR Interaction Toolkit/3.2.2/Starter Assets/AffordanceThemes/PokeSphereColor.asset
  artifactKey: Guid(fc690d1505c48cb4696838b71abd2ca0) Importer(2089858483,192608db42251d675da83286b1cce702)
Start importing Assets/Samples/XR Interaction Toolkit/3.2.2/Starter Assets/AffordanceThemes/PokeSphereColor.asset using Guid(fc690d1505c48cb4696838b71abd2ca0) Importer(2089858483,192608db42251d675da83286b1cce702) (ScriptedImporter) -> (artifact id: '1ee3408d1af8f97d58449f479195065a') in 0.0847057 seconds
Number of updated asset objects reloaded before import = 0Number of asset objects unloaded after import = 1

========================================================================
Received Import Request.
  Time since last request: 0.000020 seconds.
  path: Assets/Samples/XR Interaction Toolkit/3.2.2/Starter Assets/Materials/Controller_White.mat
  artifactKey: Guid(9f12d299d16099343a3c5c0d7285822a) Importer(2089858483,192608db42251d675da83286b1cce702)
Start importing Assets/Samples/XR Interaction Toolkit/3.2.2/Starter Assets/Materials/Controller_White.mat using Guid(9f12d299d16099343a3c5c0d7285822a) Importer(2089858483,192608db42251d675da83286b1cce702) (ScriptedImporter) -> (artifact id: '02c02ec26efc27ea251b8394d976c924') in 0.0649213 seconds
Number of updated asset objects reloaded before import = 0Number of asset objects unloaded after import = 2

========================================================================
Received Import Request.
  Time since last request: 0.000043 seconds.
  path: Assets/CartoonTracksPack1/Track1/Prefabs/Props/Trees/prop_tree_E.prefab
  artifactKey: Guid(c90f7dbd64fa7754897f2f70a025cf80) Importer(2089858483,192608db42251d675da83286b1cce702)
Start importing Assets/CartoonTracksPack1/Track1/Prefabs/Props/Trees/prop_tree_E.prefab using Guid(c90f7dbd64fa7754897f2f70a025cf80) Importer(2089858483,192608db42251d675da83286b1cce702) (ScriptedImporter) -> (artifact id: 'bc0558de05e91b21ce1f8139ca30afc7') in 0.0876327 seconds
Number of updated asset objects reloaded before import = 0Number of asset objects unloaded after import = 8

========================================================================
Received Import Request.
  Time since last request: 0.000016 seconds.
  path: Assets/Samples/XR Interaction Toolkit/3.2.2/Starter Assets/Animations/Climb Teleport Arrow.controller
  artifactKey: Guid(db6239f7ccb29ca4aac63126c6a35e7d) Importer(2089858483,192608db42251d675da83286b1cce702)
Start importing Assets/Samples/XR Interaction Toolkit/3.2.2/Starter Assets/Animations/Climb Teleport Arrow.controller using Guid(db6239f7ccb29ca4aac63126c6a35e7d) Importer(2089858483,192608db42251d675da83286b1cce702) (ScriptedImporter) -> (artifact id: '330afa311d550079b0a148d85e6747eb') in 0.0871264 seconds
Number of updated asset objects reloaded before import = 0Number of asset objects unloaded after import = 4

========================================================================
Received Import Request.
  Time since last request: 0.000018 seconds.
  path: Assets/Samples/XR Interaction Toolkit/3.2.2/Starter Assets/Presets/XRI Default Left Grab Move.preset
  artifactKey: Guid(e2e08fffc3edfbb47a429bae0c5a6343) Importer(2089858483,192608db42251d675da83286b1cce702)
Start importing Assets/Samples/XR Interaction Toolkit/3.2.2/Starter Assets/Presets/XRI Default Left Grab Move.preset using Guid(e2e08fffc3edfbb47a429bae0c5a6343) Importer(2089858483,192608db42251d675da83286b1cce702) (ScriptedImporter) -> (artifact id: 'a32b215f24227347d7e3365293df39ec') in 0.0992705 seconds
Number of updated asset objects reloaded before import = 0Number of asset objects unloaded after import = 3

========================================================================
Received Import Request.
  Time since last request: 0.000047 seconds.
  path: Assets/Samples/XR Interaction Toolkit/3.2.2/Starter Assets/Materials/UI-NoZTest.mat
  artifactKey: Guid(6f3d696f7c3365846b6dc2402afb3d3e) Importer(2089858483,192608db42251d675da83286b1cce702)
Start importing Assets/Samples/XR Interaction Toolkit/3.2.2/Starter Assets/Materials/UI-NoZTest.mat using Guid(6f3d696f7c3365846b6dc2402afb3d3e) Importer(2089858483,192608db42251d675da83286b1cce702) (ScriptedImporter) -> (artifact id: '2bd4ec501493cd09ee8e5302e7d88edd') in 0.0779995 seconds
Number of updated asset objects reloaded before import = 0Number of asset objects unloaded after import = 1

========================================================================
Received Import Request.
  Time since last request: 0.000030 seconds.
  path: Assets/Samples/XR Interaction Toolkit/3.2.2/Starter Assets/Models/Reticle_Torus.fbx
  artifactKey: Guid(be2911572dc3afa448d24b4e97edc5f1) Importer(2089858483,192608db42251d675da83286b1cce702)
Start importing Assets/Samples/XR Interaction Toolkit/3.2.2/Starter Assets/Models/Reticle_Torus.fbx using Guid(be2911572dc3afa448d24b4e97edc5f1) Importer(2089858483,192608db42251d675da83286b1cce702) (ScriptedImporter) -> (artifact id: '0e0c39fe79d230c74e884ab7054da121') in 0.0380383 seconds
Number of updated asset objects reloaded before import = 0Number of asset objects unloaded after import = 9

========================================================================
Received Import Request.
  Time since last request: 0.000021 seconds.
  path: Assets/Samples/XR Interaction Toolkit/3.2.2/Starter Assets/Prefabs/Permissions Manager.prefab
  artifactKey: Guid(faf53399145e13c4b992b14c97b5f4c0) Importer(2089858483,192608db42251d675da83286b1cce702)
Start importing Assets/Samples/XR Interaction Toolkit/3.2.2/Starter Assets/Prefabs/Permissions Manager.prefab using Guid(faf53399145e13c4b992b14c97b5f4c0) Importer(2089858483,192608db42251d675da83286b1cce702) (ScriptedImporter) -> (artifact id: 'fb457d4a553d938993862915a979969e') in 0.054906 seconds
Number of updated asset objects reloaded before import = 0Number of asset objects unloaded after import = 5

========================================================================
Received Import Request.
  Time since last request: 0.000021 seconds.
  path: Assets/Samples/XR Interaction Toolkit/3.2.2/Starter Assets/Materials/MaterialPipelineHandler.asset
  artifactKey: Guid(dbe8dcb68b75cd2498ab6c1d96e072a4) Importer(2089858483,192608db42251d675da83286b1cce702)
Start importing Assets/Samples/XR Interaction Toolkit/3.2.2/Starter Assets/Materials/MaterialPipelineHandler.asset using Guid(dbe8dcb68b75cd2498ab6c1d96e072a4) Importer(2089858483,192608db42251d675da83286b1cce702) (ScriptedImporter) -> (artifact id: '41a78a49de00d9b758e7893294d4cb30') in 0.0341816 seconds
Number of updated asset objects reloaded before import = 0Number of asset objects unloaded after import = 9

========================================================================
Received Import Request.
  Time since last request: 0.000027 seconds.
  path: Assets/CartoonTracksPack1/Track1/Meshes/Track_Meshes/OvalModular/oval_mod_terrain.FBX
  artifactKey: Guid(3300383886eb02f448192410b7787ff0) Importer(2089858483,192608db42251d675da83286b1cce702)
Start importing Assets/CartoonTracksPack1/Track1/Meshes/Track_Meshes/OvalModular/oval_mod_terrain.FBX using Guid(3300383886eb02f448192410b7787ff0) Importer(2089858483,192608db42251d675da83286b1cce702) (ScriptedImporter) -> (artifact id: 'b5c8b71b232436babdac8bd7fd6d903c') in 0.0729529 seconds
Number of updated asset objects reloaded before import = 0Number of asset objects unloaded after import = 111

========================================================================
Received Import Request.
  Time since last request: 0.000021 seconds.
  path: Assets/Samples/XR Interaction Toolkit/3.2.2/Starter Assets/Scripts/ToggleColorToggler.cs
  artifactKey: Guid(cb280e627cedda749b93045b8dd8d327) Importer(2089858483,192608db42251d675da83286b1cce702)
Start importing Assets/Samples/XR Interaction Toolkit/3.2.2/Starter Assets/Scripts/ToggleColorToggler.cs using Guid(cb280e627cedda749b93045b8dd8d327) Importer(2089858483,192608db42251d675da83286b1cce702) (ScriptedImporter) -> (artifact id: 'd2bcdd61bfa44d85a22fa11ca8ea11f9') in 0.0284361 seconds
Number of updated asset objects reloaded before import = 0Number of asset objects unloaded after import = 0

========================================================================
Received Import Request.
  Time since last request: 0.000019 seconds.
  path: Assets/Samples/XR Interaction Toolkit/3.2.2/Starter Assets/Presets/XRI Default Snap Turn.preset
  artifactKey: Guid(5d3a60dbf2f04694f9060712df89debb) Importer(2089858483,192608db42251d675da83286b1cce702)
Start importing Assets/Samples/XR Interaction Toolkit/3.2.2/Starter Assets/Presets/XRI Default Snap Turn.preset using Guid(5d3a60dbf2f04694f9060712df89debb) Importer(2089858483,192608db42251d675da83286b1cce702) (ScriptedImporter) -> (artifact id: 'c3813beec2e8e1e288b35c29a3ed2365') in 0.0598463 seconds
Number of updated asset objects reloaded before import = 0Number of asset objects unloaded after import = 4

========================================================================
Received Import Request.
  Time since last request: 0.000023 seconds.
  path: Assets/Samples/XR Interaction Toolkit/3.2.2/Starter Assets/Scripts/GazeInputManager.cs
  artifactKey: Guid(6ef0e4723b64c884699a375196c13ac0) Importer(2089858483,192608db42251d675da83286b1cce702)
Start importing Assets/Samples/XR Interaction Toolkit/3.2.2/Starter Assets/Scripts/GazeInputManager.cs using Guid(6ef0e4723b64c884699a375196c13ac0) Importer(2089858483,192608db42251d675da83286b1cce702) (ScriptedImporter) -> (artifact id: '1e058980101cf0d0843089ac209db3e8') in 0.0311204 seconds
Number of updated asset objects reloaded before import = 0Number of asset objects unloaded after import = 0

========================================================================
Received Import Request.
  Time since last request: 0.000030 seconds.
  path: Assets/Samples/XR Interaction Toolkit/3.2.2/Starter Assets/Scripts/ControllerAnimator.cs
  artifactKey: Guid(4a5f76f9ea8c80547973ab01877f9567) Importer(2089858483,192608db42251d675da83286b1cce702)
Start importing Assets/Samples/XR Interaction Toolkit/3.2.2/Starter Assets/Scripts/ControllerAnimator.cs using Guid(4a5f76f9ea8c80547973ab01877f9567) Importer(2089858483,192608db42251d675da83286b1cce702) (ScriptedImporter) -> (artifact id: '13bbc6028a7881818eb9b49f781cdc34') in 0.0355308 seconds
Number of updated asset objects reloaded before import = 0Number of asset objects unloaded after import = 0

========================================================================
Received Import Request.
  Time since last request: 0.000018 seconds.
  path: Assets/Samples/XR Interaction Toolkit/3.2.2/Starter Assets/Scripts/DestroySelf.cs
  artifactKey: Guid(717c12e2a4cfe764ab2580b1135e10fd) Importer(2089858483,192608db42251d675da83286b1cce702)
Start importing Assets/Samples/XR Interaction Toolkit/3.2.2/Starter Assets/Scripts/DestroySelf.cs using Guid(717c12e2a4cfe764ab2580b1135e10fd) Importer(2089858483,192608db42251d675da83286b1cce702) (ScriptedImporter) -> (artifact id: 'b85c0caefe031b0b41fe9460ffce7edb') in 0.025248 seconds
Number of updated asset objects reloaded before import = 0Number of asset objects unloaded after import = 0

========================================================================
Received Import Request.
  Time since last request: 0.000023 seconds.
  path: Assets/Samples/XR Interaction Toolkit/3.2.2/Starter Assets/Scripts/DynamicMoveProvider.cs
  artifactKey: Guid(9b1e8c997df241c1a67045eeac79b41b) Importer(2089858483,192608db42251d675da83286b1cce702)
Start importing Assets/Samples/XR Interaction Toolkit/3.2.2/Starter Assets/Scripts/DynamicMoveProvider.cs using Guid(9b1e8c997df241c1a67045eeac79b41b) Importer(2089858483,192608db42251d675da83286b1cce702) (ScriptedImporter) -> (artifact id: 'b3e867758a1082ca2f2216f3aee68164') in 0.0285639 seconds
Number of updated asset objects reloaded before import = 0Number of asset objects unloaded after import = 0

========================================================================
Received Import Request.
  Time since last request: 0.000018 seconds.
  path: Assets/Samples/XR Interaction Toolkit/3.2.2/Starter Assets/Scripts/RotationAxisLockGrabTransformer.cs
  artifactKey: Guid(4dd2e41114c62b44fbd334ca5b314352) Importer(2089858483,192608db42251d675da83286b1cce702)
Start importing Assets/Samples/XR Interaction Toolkit/3.2.2/Starter Assets/Scripts/RotationAxisLockGrabTransformer.cs using Guid(4dd2e41114c62b44fbd334ca5b314352) Importer(2089858483,192608db42251d675da83286b1cce702) (ScriptedImporter) -> (artifact id: 'fc14639ac80b09bd44c07c23e562b69d') in 0.0230202 seconds
Number of updated asset objects reloaded before import = 0Number of asset objects unloaded after import = 0

========================================================================
Received Import Request.
  Time since last request: 0.000019 seconds.
  path: Assets/Samples/XR Interaction Toolkit/3.2.2/Starter Assets/Scripts/ObjectSpawner.cs
  artifactKey: Guid(956dd6cf70eaca449a45b6a95b96c8c1) Importer(2089858483,192608db42251d675da83286b1cce702)
Start importing Assets/Samples/XR Interaction Toolkit/3.2.2/Starter Assets/Scripts/ObjectSpawner.cs using Guid(956dd6cf70eaca449a45b6a95b96c8c1) Importer(2089858483,192608db42251d675da83286b1cce702) (ScriptedImporter) -> (artifact id: '039806a02fb8777dd8e742fb76a51ce9') in 0.0275863 seconds
Number of updated asset objects reloaded before import = 0Number of asset objects unloaded after import = 0

========================================================================
Received Import Request.
  Time since last request: 0.000031 seconds.
  path: Assets/CartoonTracksPack1/Track1/Prefabs/Props/prop_exitlights.prefab
  artifactKey: Guid(146a70e72cd9b154ab821e36a14b0bfc) Importer(2089858483,192608db42251d675da83286b1cce702)
Start importing Assets/CartoonTracksPack1/Track1/Prefabs/Props/prop_exitlights.prefab using Guid(146a70e72cd9b154ab821e36a14b0bfc) Importer(2089858483,192608db42251d675da83286b1cce702) (ScriptedImporter) -> (artifact id: '02f48a6022d5345bd550172667b1fe03') in 0.0519345 seconds
Number of updated asset objects reloaded before import = 0Number of asset objects unloaded after import = 13

========================================================================
Received Import Request.
  Time since last request: 0.000019 seconds.
  path: Assets/CartoonTracksPack1/Track1/Prefabs/Props/Team Signs/prop_team_4.prefab
  artifactKey: Guid(d8f241943b5e2814c8ec6be1022ea2a5) Importer(2089858483,192608db42251d675da83286b1cce702)
Start importing Assets/CartoonTracksPack1/Track1/Prefabs/Props/Team Signs/prop_team_4.prefab using Guid(d8f241943b5e2814c8ec6be1022ea2a5) Importer(2089858483,192608db42251d675da83286b1cce702) (ScriptedImporter) -> (artifact id: 'f448f091c3ca51f4e9a2365c8060a223') in 0.0597849 seconds
Number of updated asset objects reloaded before import = 0Number of asset objects unloaded after import = 8

========================================================================
Received Import Request.
  Time since last request: 0.000020 seconds.
  path: Assets/Samples/XR Interaction Toolkit/3.2.2/XR Interaction Simulator/Scripts/XRInteractionSimulatorInputFeedbackUI.cs
  artifactKey: Guid(f4b9da94370444448aa6dcb1598d0dae) Importer(2089858483,192608db42251d675da83286b1cce702)
Start importing Assets/Samples/XR Interaction Toolkit/3.2.2/XR Interaction Simulator/Scripts/XRInteractionSimulatorInputFeedbackUI.cs using Guid(f4b9da94370444448aa6dcb1598d0dae) Importer(2089858483,192608db42251d675da83286b1cce702) (ScriptedImporter) -> (artifact id: 'f09074a96b99e530c4ef36369949818e') in 0.026818 seconds
Number of updated asset objects reloaded before import = 0Number of asset objects unloaded after import = 0

========================================================================
Received Import Request.
  Time since last request: 0.000023 seconds.
  path: Assets/Samples/XR Interaction Toolkit/3.2.2/Starter Assets/TunnelingVignette/TunnelingVignette.shader
  artifactKey: Guid(e51b4af1e50be764e8de46e07d4e3f3f) Importer(2089858483,192608db42251d675da83286b1cce702)
Start importing Assets/Samples/XR Interaction Toolkit/3.2.2/Starter Assets/TunnelingVignette/TunnelingVignette.shader using Guid(e51b4af1e50be764e8de46e07d4e3f3f) Importer(2089858483,192608db42251d675da83286b1cce702) (ScriptedImporter) -> (artifact id: 'a5089c03ef59196b4bfec720d81bc6ac') in 0.0261705 seconds
Number of updated asset objects reloaded before import = 0Number of asset objects unloaded after import = 1

========================================================================
Received Import Request.
  Time since last request: 0.000038 seconds.
  path: Assets/Samples/XR Interaction Toolkit/3.2.2/XR Interaction Simulator/Hand Expressions/Resting Expression Capture.asset
  artifactKey: Guid(3a2050912ec71479899c69612c0af028) Importer(2089858483,192608db42251d675da83286b1cce702)
Start importing Assets/Samples/XR Interaction Toolkit/3.2.2/XR Interaction Simulator/Hand Expressions/Resting Expression Capture.asset using Guid(3a2050912ec71479899c69612c0af028) Importer(2089858483,192608db42251d675da83286b1cce702) (ScriptedImporter) -> (artifact id: '2aaf7cf4c8875469245d7881f239ab01') in 0.0240187 seconds
Number of updated asset objects reloaded before import = 0Number of asset objects unloaded after import = 1

========================================================================
Received Import Request.
  Time since last request: 0.000019 seconds.
  path: Assets/Samples/XR Interaction Toolkit/3.2.2/Starter Assets/Shaders/UI-NoZTest.shader
  artifactKey: Guid(a661e7516de55c047905f40ca76fe701) Importer(2089858483,192608db42251d675da83286b1cce702)
Start importing Assets/Samples/XR Interaction Toolkit/3.2.2/Starter Assets/Shaders/UI-NoZTest.shader using Guid(a661e7516de55c047905f40ca76fe701) Importer(2089858483,192608db42251d675da83286b1cce702) (ScriptedImporter) -> (artifact id: '6803985b2c1f0cd337d872ba34d1cc3d') in 0.0366112 seconds
Number of updated asset objects reloaded before import = 0Number of asset objects unloaded after import = 1

========================================================================
Received Import Request.
  Time since last request: 0.000018 seconds.
  path: Assets/Samples/XR Interaction Toolkit/3.2.2/XR Interaction Simulator/Editor/InteractionSimulator.Editor.asmdef
  artifactKey: Guid(d4d99242cc2ce4081a20cb9a4de3c223) Importer(2089858483,192608db42251d675da83286b1cce702)
Start importing Assets/Samples/XR Interaction Toolkit/3.2.2/XR Interaction Simulator/Editor/InteractionSimulator.Editor.asmdef using Guid(d4d99242cc2ce4081a20cb9a4de3c223) Importer(2089858483,192608db42251d675da83286b1cce702) (ScriptedImporter) -> (artifact id: 'f0e10589fdc8bd4cbbad1818c70df972') in 0.0431858 seconds
Number of updated asset objects reloaded before import = 0Number of asset objects unloaded after import = 1

========================================================================
Received Import Request.
  Time since last request: 0.000019 seconds.
  path: Assets/Samples/XR Interaction Toolkit/3.2.2/XR Interaction Simulator/Hand Expressions/Fist Expression Capture.asset
  artifactKey: Guid(fa004868963da45f6a2e6520cfd82522) Importer(2089858483,192608db42251d675da83286b1cce702)
Start importing Assets/Samples/XR Interaction Toolkit/3.2.2/XR Interaction Simulator/Hand Expressions/Fist Expression Capture.asset using Guid(fa004868963da45f6a2e6520cfd82522) Importer(2089858483,192608db42251d675da83286b1cce702) (ScriptedImporter) -> (artifact id: 'c9384302baccdd7eeeb0671dbbdbd145') in 0.0271415 seconds
Number of updated asset objects reloaded before import = 0Number of asset objects unloaded after import = 1

========================================================================
Received Import Request.
  Time since last request: 0.000031 seconds.
  path: Assets/Samples/XR Interaction Toolkit/3.2.2/Starter Assets/Textures/DefaultMaterial_AO.png
  artifactKey: Guid(85e675893a909864d9c237e20202651b) Importer(2089858483,192608db42251d675da83286b1cce702)
Start importing Assets/Samples/XR Interaction Toolkit/3.2.2/Starter Assets/Textures/DefaultMaterial_AO.png using Guid(85e675893a909864d9c237e20202651b) Importer(2089858483,192608db42251d675da83286b1cce702) (ScriptedImporter) -> (artifact id: 'c20fde9ca70f42deeb3e2ef99bbde875') in 0.0381302 seconds
Number of updated asset objects reloaded before import = 0Number of asset objects unloaded after import = 1

========================================================================
Received Import Request.
  Time since last request: 0.000018 seconds.
  path: Assets/Animated Hands/Animations/l_hand_default_anim.fbx
  artifactKey: Guid(1ae9aefe37a62de429ddc2edd1ca36f3) Importer(2089858483,192608db42251d675da83286b1cce702)
Start importing Assets/Animated Hands/Animations/l_hand_default_anim.fbx using Guid(1ae9aefe37a62de429ddc2edd1ca36f3) Importer(2089858483,192608db42251d675da83286b1cce702) (ScriptedImporter) -> (artifact id: 'caf46dd6c0f51578beea2f325843a230') in 0.0367377 seconds
Number of updated asset objects reloaded before import = 0Number of asset objects unloaded after import = 57

========================================================================
Received Import Request.
  Time since last request: 0.000017 seconds.
  path: Assets/CartoonTracksPack1/Track1/Prefabs/Props/Tyres/prop_tyre_1x1_A.prefab
  artifactKey: Guid(83c833c4f0704e1418bf7029196d28bf) Importer(2089858483,192608db42251d675da83286b1cce702)
Start importing Assets/CartoonTracksPack1/Track1/Prefabs/Props/Tyres/prop_tyre_1x1_A.prefab using Guid(83c833c4f0704e1418bf7029196d28bf) Importer(2089858483,192608db42251d675da83286b1cce702) (ScriptedImporter) -> (artifact id: 'bee0eeb6d200539e07c61cd8cf9098ad') in 0.0353861 seconds
Number of updated asset objects reloaded before import = 0Number of asset objects unloaded after import = 8

========================================================================
Received Import Request.
  Time since last request: 0.000018 seconds.
  path: Assets/Samples/XR Interaction Toolkit/3.2.2/Starter Assets/Animations/ArrowBounce.anim
  artifactKey: Guid(ebfa13455423c254e943b87bf6e1f310) Importer(2089858483,192608db42251d675da83286b1cce702)
Start importing Assets/Samples/XR Interaction Toolkit/3.2.2/Starter Assets/Animations/ArrowBounce.anim using Guid(ebfa13455423c254e943b87bf6e1f310) Importer(2089858483,192608db42251d675da83286b1cce702) (ScriptedImporter) -> (artifact id: '980d55248ee25a606e8e934dcaf4c56a') in 0.0211505 seconds
Number of updated asset objects reloaded before import = 0Number of asset objects unloaded after import = 1

========================================================================
Received Import Request.
  Time since last request: 0.000028 seconds.
  path: Assets/Samples/XR Interaction Toolkit/3.2.2/Starter Assets/DemoSceneAssets/Models/Primitive_Blaster_Long.fbx
  artifactKey: Guid(e51d3dbfe79e4c646bb30424a11f23a0) Importer(2089858483,192608db42251d675da83286b1cce702)
Start importing Assets/Samples/XR Interaction Toolkit/3.2.2/Starter Assets/DemoSceneAssets/Models/Primitive_Blaster_Long.fbx using Guid(e51d3dbfe79e4c646bb30424a11f23a0) Importer(2089858483,192608db42251d675da83286b1cce702) (ScriptedImporter) -> (artifact id: '04d37eaf7614b517bca8703a6370de86') in 0.0543198 seconds
Number of updated asset objects reloaded before import = 0Number of asset objects unloaded after import = 9

========================================================================
Received Import Request.
  Time since last request: 0.000029 seconds.
  path: Assets/Samples/XR Interaction Toolkit/3.2.2/Starter Assets/DemoSceneAssets/Materials/Concrete Dark Blue.mat
  artifactKey: Guid(bbb56ac3cf3c61a46ab3887c0fdbda8f) Importer(2089858483,192608db42251d675da83286b1cce702)
Start importing Assets/Samples/XR Interaction Toolkit/3.2.2/Starter Assets/DemoSceneAssets/Materials/Concrete Dark Blue.mat using Guid(bbb56ac3cf3c61a46ab3887c0fdbda8f) Importer(2089858483,192608db42251d675da83286b1cce702) (ScriptedImporter) -> (artifact id: 'b2107666b6cd9e033ef682b6cfe24386') in 0.0510388 seconds
Number of updated asset objects reloaded before import = 0Number of asset objects unloaded after import = 3

========================================================================
Received Import Request.
  Time since last request: 0.000024 seconds.
  path: Assets/Samples/XR Interaction Toolkit/3.2.2/Starter Assets/DemoSceneAssets/Scripts/IncrementUIText.cs
  artifactKey: Guid(ba6ff5e7c92519444bc2a7ca46558963) Importer(2089858483,192608db42251d675da83286b1cce702)
Start importing Assets/Samples/XR Interaction Toolkit/3.2.2/Starter Assets/DemoSceneAssets/Scripts/IncrementUIText.cs using Guid(ba6ff5e7c92519444bc2a7ca46558963) Importer(2089858483,192608db42251d675da83286b1cce702) (ScriptedImporter) -> (artifact id: 'c473d13e3e59a8c867ae72558ec97b2d') in 0.0301582 seconds
Number of updated asset objects reloaded before import = 0Number of asset objects unloaded after import = 0

========================================================================
Received Import Request.
  Time since last request: 0.000017 seconds.
  path: Assets/Samples/XR Interaction Toolkit/3.2.2/Starter Assets/DemoSceneAssets/Materials/Concrete Light Blue.mat
  artifactKey: Guid(830d28b607e09a2479e2005c2eb5c75e) Importer(2089858483,192608db42251d675da83286b1cce702)
Start importing Assets/Samples/XR Interaction Toolkit/3.2.2/Starter Assets/DemoSceneAssets/Materials/Concrete Light Blue.mat using Guid(830d28b607e09a2479e2005c2eb5c75e) Importer(2089858483,192608db42251d675da83286b1cce702) (ScriptedImporter) -> (artifact id: '71a2ef8b0f0bb48b134399d2228eb502') in 0.0235373 seconds
Number of updated asset objects reloaded before import = 0Number of asset objects unloaded after import = 3

========================================================================
Received Import Request.
  Time since last request: 0.000040 seconds.
  path: Assets/Samples/XR Interaction Toolkit/3.2.2/Starter Assets/DemoSceneAssets/Materials/Concrete Grey.mat
  artifactKey: Guid(842f1b88643f1bb458ba6243088e344e) Importer(2089858483,192608db42251d675da83286b1cce702)
Start importing Assets/Samples/XR Interaction Toolkit/3.2.2/Starter Assets/DemoSceneAssets/Materials/Concrete Grey.mat using Guid(842f1b88643f1bb458ba6243088e344e) Importer(2089858483,192608db42251d675da83286b1cce702) (ScriptedImporter) -> (artifact id: '4de3b912e14e03ff9470810d71a3e32a') in 0.0220048 seconds
Number of updated asset objects reloaded before import = 0Number of asset objects unloaded after import = 3

========================================================================
Received Import Request.
  Time since last request: 0.000021 seconds.
  path: Assets/Samples/XR Interaction Toolkit/3.2.2/Starter Assets/DemoSceneAssets/Models/Primitive_Torus_Cut.fbx
  artifactKey: Guid(46c1c422ff6897f49a404b012dc924d3) Importer(2089858483,192608db42251d675da83286b1cce702)
Start importing Assets/Samples/XR Interaction Toolkit/3.2.2/Starter Assets/DemoSceneAssets/Models/Primitive_Torus_Cut.fbx using Guid(46c1c422ff6897f49a404b012dc924d3) Importer(2089858483,192608db42251d675da83286b1cce702) (ScriptedImporter) -> (artifact id: '1d72053768ab06e2fe569d60665d660a') in 0.0603863 seconds
Number of updated asset objects reloaded before import = 0Number of asset objects unloaded after import = 9

========================================================================
Received Import Request.
  Time since last request: 0.000031 seconds.
  path: Assets/Samples/XR Interaction Toolkit/3.2.2/Starter Assets/DemoSceneAssets/Prefabs/InteractionAffordance.prefab
  artifactKey: Guid(eb9104ef66b7305468adb3697fdeed5e) Importer(2089858483,192608db42251d675da83286b1cce702)
Start importing Assets/Samples/XR Interaction Toolkit/3.2.2/Starter Assets/DemoSceneAssets/Prefabs/InteractionAffordance.prefab using Guid(eb9104ef66b7305468adb3697fdeed5e) Importer(2089858483,192608db42251d675da83286b1cce702) (ScriptedImporter) -> (artifact id: 'c98d842f2b0618eede9d8ae1ecc7aff6') in 0.0600141 seconds
Number of updated asset objects reloaded before import = 0Number of asset objects unloaded after import = 10

========================================================================
Received Import Request.
  Time since last request: 0.000019 seconds.
  path: Assets/Samples/XR Interaction Toolkit/3.2.2/Starter Assets/DemoSceneAssets/Prefabs/Teleportation Environment.prefab
  artifactKey: Guid(3e07eccb5e6f459d886de95044adb1d9) Importer(2089858483,192608db42251d675da83286b1cce702)
Start importing Assets/Samples/XR Interaction Toolkit/3.2.2/Starter Assets/DemoSceneAssets/Prefabs/Teleportation Environment.prefab using Guid(3e07eccb5e6f459d886de95044adb1d9) Importer(2089858483,192608db42251d675da83286b1cce702) (ScriptedImporter) -> (artifact id: 'aa2a0efeaba93a0708f76d15caf7b667') in 0.058476 seconds
Number of updated asset objects reloaded before import = 0Number of asset objects unloaded after import = 103

========================================================================
Received Import Request.
  Time since last request: 0.000027 seconds.
  path: Assets/CartoonTracksPack1/Track1/Prefabs/Props/prop_arrow_short.prefab
  artifactKey: Guid(472e3ae43fca96e41b2d7525cf75f0c6) Importer(2089858483,192608db42251d675da83286b1cce702)
Start importing Assets/CartoonTracksPack1/Track1/Prefabs/Props/prop_arrow_short.prefab using Guid(472e3ae43fca96e41b2d7525cf75f0c6) Importer(2089858483,192608db42251d675da83286b1cce702) (ScriptedImporter) -> (artifact id: '92067fff1e431082ffc24f0f61c70f5b') in 0.0502879 seconds
Number of updated asset objects reloaded before import = 0Number of asset objects unloaded after import = 8

========================================================================
Received Import Request.
  Time since last request: 0.000015 seconds.
  path: Assets/Samples/XR Interaction Toolkit/3.2.2/Starter Assets/Prefabs/Affordances/HighlightInteractionAffordance.prefab
  artifactKey: Guid(6b12f432fa58c224baf0d659706362be) Importer(2089858483,192608db42251d675da83286b1cce702)
Start importing Assets/Samples/XR Interaction Toolkit/3.2.2/Starter Assets/Prefabs/Affordances/HighlightInteractionAffordance.prefab using Guid(6b12f432fa58c224baf0d659706362be) Importer(2089858483,192608db42251d675da83286b1cce702) (ScriptedImporter) -> (artifact id: '83db5fffb405aee07d9c0ff2bda45230') in 0.0514984 seconds
Number of updated asset objects reloaded before import = 0Number of asset objects unloaded after import = 12

========================================================================
Received Import Request.
  Time since last request: 0.000021 seconds.
  path: Assets/Samples/XR Interaction Toolkit/3.2.2/XR Interaction Simulator/UI/Controller/LeftController.png
  artifactKey: Guid(c2bc09e4357ee4c6bbb9d0e8ccf7f21d) Importer(2089858483,192608db42251d675da83286b1cce702)
Start importing Assets/Samples/XR Interaction Toolkit/3.2.2/XR Interaction Simulator/UI/Controller/LeftController.png using Guid(c2bc09e4357ee4c6bbb9d0e8ccf7f21d) Importer(2089858483,192608db42251d675da83286b1cce702) (ScriptedImporter) -> (artifact id: '4659d8b7a700e852e9a0b200cf93fc4a') in 0.0421738 seconds
Number of updated asset objects reloaded before import = 0Number of asset objects unloaded after import = 3

========================================================================
Received Import Request.
  Time since last request: 0.000034 seconds.
  path: Assets/Samples/XR Interaction Toolkit/3.2.2/Starter Assets/Prefabs/Interactors/Left_NearFarInteractor.prefab
  artifactKey: Guid(3df3e1220f2164f448701a6de8084f92) Importer(2089858483,192608db42251d675da83286b1cce702)
Start importing Assets/Samples/XR Interaction Toolkit/3.2.2/Starter Assets/Prefabs/Interactors/Left_NearFarInteractor.prefab using Guid(3df3e1220f2164f448701a6de8084f92) Importer(2089858483,192608db42251d675da83286b1cce702) (ScriptedImporter) -> (artifact id: '87c87acafdfba7d847aa4933350e30eb') in 0.1268931 seconds
Number of updated asset objects reloaded before import = 0Number of asset objects unloaded after import = 24

========================================================================
Received Import Request.
  Time since last request: 0.000029 seconds.
  path: Assets/Samples/XR Interaction Toolkit/3.2.2/Starter Assets/DemoSceneAssets/Sprites/Round Radius 4 Outline.png
  artifactKey: Guid(b7bad1260586fa746a0b67e930892936) Importer(2089858483,192608db42251d675da83286b1cce702)
Start importing Assets/Samples/XR Interaction Toolkit/3.2.2/Starter Assets/DemoSceneAssets/Sprites/Round Radius 4 Outline.png using Guid(b7bad1260586fa746a0b67e930892936) Importer(2089858483,192608db42251d675da83286b1cce702) (ScriptedImporter) -> (artifact id: 'a1cf0ad56ca40fe72a2fd676cc9c9d9e') in 0.0451506 seconds
Number of updated asset objects reloaded before import = 0Number of asset objects unloaded after import = 3

========================================================================
Received Import Request.
  Time since last request: 0.000020 seconds.
  path: Assets/Samples/XR Interaction Toolkit/3.2.2/Starter Assets/Prefabs/Teleport/Climb Teleport Arrow.prefab
  artifactKey: Guid(ae1968658b9687b47976fe86c062168f) Importer(2089858483,192608db42251d675da83286b1cce702)
Start importing Assets/Samples/XR Interaction Toolkit/3.2.2/Starter Assets/Prefabs/Teleport/Climb Teleport Arrow.prefab using Guid(ae1968658b9687b47976fe86c062168f) Importer(2089858483,192608db42251d675da83286b1cce702) (ScriptedImporter) -> (artifact id: '45d4c3e226fb26e69c9324e156e01fd9') in 0.028649 seconds
Number of updated asset objects reloaded before import = 0Number of asset objects unloaded after import = 27

========================================================================
Received Import Request.
  Time since last request: 0.000017 seconds.
  path: Assets/Samples/XR Interaction Toolkit/3.2.2/Starter Assets/Prefabs/Teleport/Directional Teleport Reticle.prefab
  artifactKey: Guid(893219773891c784ab469a39151879b4) Importer(2089858483,192608db42251d675da83286b1cce702)
Start importing Assets/Samples/XR Interaction Toolkit/3.2.2/Starter Assets/Prefabs/Teleport/Directional Teleport Reticle.prefab using Guid(893219773891c784ab469a39151879b4) Importer(2089858483,192608db42251d675da83286b1cce702) (ScriptedImporter) -> (artifact id: '52d853ab44acb088ddf95c0c379eea85') in 0.0223789 seconds
Number of updated asset objects reloaded before import = 0Number of asset objects unloaded after import = 13

========================================================================
Received Import Request.
  Time since last request: 0.000019 seconds.
  path: Assets/Samples/XR Interaction Toolkit/3.2.2/Starter Assets/DemoSceneAssets/Sprites/LegibilityMask.png
  artifactKey: Guid(a85d80c1edb5d2f458d42e79f78055b9) Importer(2089858483,192608db42251d675da83286b1cce702)
Start importing Assets/Samples/XR Interaction Toolkit/3.2.2/Starter Assets/DemoSceneAssets/Sprites/LegibilityMask.png using Guid(a85d80c1edb5d2f458d42e79f78055b9) Importer(2089858483,192608db42251d675da83286b1cce702) (ScriptedImporter) -> (artifact id: '1deb8fc9ef4837b66247d4d5adc8340e') in 0.033196 seconds
Number of updated asset objects reloaded before import = 0Number of asset objects unloaded after import = 3

========================================================================
Received Import Request.
  Time since last request: 0.000017 seconds.
  path: Assets/CartoonTracksPack1/Track1/Prefabs/Props/prop_arrow_long.prefab
  artifactKey: Guid(243a4033fc4deac45936cd8382edcda0) Importer(2089858483,192608db42251d675da83286b1cce702)
Start importing Assets/CartoonTracksPack1/Track1/Prefabs/Props/prop_arrow_long.prefab using Guid(243a4033fc4deac45936cd8382edcda0) Importer(2089858483,192608db42251d675da83286b1cce702) (ScriptedImporter) -> (artifact id: '1da5573caba0984e89969a5f6fe4e8f3') in 0.0430683 seconds
Number of updated asset objects reloaded before import = 0Number of asset objects unloaded after import = 8

========================================================================
Received Import Request.
  Time since last request: 0.000027 seconds.
  path: Assets/Samples/XR Interaction Toolkit/3.2.2/XR Interaction Simulator/UI/Hands/RightHandOutlineThin@2x.png
  artifactKey: Guid(63f1aa62d6de546b8833c6b66b8a6dd8) Importer(2089858483,192608db42251d675da83286b1cce702)
Start importing Assets/Samples/XR Interaction Toolkit/3.2.2/XR Interaction Simulator/UI/Hands/RightHandOutlineThin@2x.png using Guid(63f1aa62d6de546b8833c6b66b8a6dd8) Importer(2089858483,192608db42251d675da83286b1cce702) (ScriptedImporter) -> (artifact id: 'ada1a1eca035fd6816972f763bafdff9') in 0.0426282 seconds
Number of updated asset objects reloaded before import = 0Number of asset objects unloaded after import = 3

========================================================================
Received Import Request.
  Time since last request: 0.000016 seconds.
  path: Assets/Samples/XR Interaction Toolkit/3.2.2/XR Interaction Simulator/UI/Hands/Pinch.png
  artifactKey: Guid(45d5d868f6ac7433db8072bb252ca290) Importer(2089858483,192608db42251d675da83286b1cce702)
Start importing Assets/Samples/XR Interaction Toolkit/3.2.2/XR Interaction Simulator/UI/Hands/Pinch.png using Guid(45d5d868f6ac7433db8072bb252ca290) Importer(2089858483,192608db42251d675da83286b1cce702) (ScriptedImporter) -> (artifact id: '7772d44722142670aef9e0a11a69d52e') in 0.0345054 seconds
Number of updated asset objects reloaded before import = 0Number of asset objects unloaded after import = 3

========================================================================
Received Import Request.
  Time since last request: 0.000021 seconds.
  path: Assets/Samples/XR Interaction Toolkit/3.2.2/XR Interaction Simulator/UI/Rotate/LeftRotate@2x.png
  artifactKey: Guid(065d9dcc5f44f4313a79886e9c40ea06) Importer(2089858483,192608db42251d675da83286b1cce702)
Start importing Assets/Samples/XR Interaction Toolkit/3.2.2/XR Interaction Simulator/UI/Rotate/LeftRotate@2x.png using Guid(065d9dcc5f44f4313a79886e9c40ea06) Importer(2089858483,192608db42251d675da83286b1cce702) (ScriptedImporter) -> (artifact id: 'bc40e8397d77becadf9123d4f97972b8') in 0.0353172 seconds
Number of updated asset objects reloaded before import = 0Number of asset objects unloaded after import = 3

========================================================================
Received Import Request.
  Time since last request: 0.000020 seconds.
  path: Assets/Samples/XR Interaction Toolkit/3.2.2/XR Interaction Simulator/UI/Rotate/RotateLeftArrow.png
  artifactKey: Guid(e49c8945f20a44825a5c383e704bdd4d) Importer(2089858483,192608db42251d675da83286b1cce702)
Start importing Assets/Samples/XR Interaction Toolkit/3.2.2/XR Interaction Simulator/UI/Rotate/RotateLeftArrow.png using Guid(e49c8945f20a44825a5c383e704bdd4d) Importer(2089858483,192608db42251d675da83286b1cce702) (ScriptedImporter) -> (artifact id: '16712dc44b048bfad10ac324bc66d3ec') in 0.0351146 seconds
Number of updated asset objects reloaded before import = 0Number of asset objects unloaded after import = 3

========================================================================
Received Import Request.
  Time since last request: 0.000030 seconds.
  path: Assets/Samples/XR Interaction Toolkit/3.2.2/XR Interaction Simulator/UI/Rotate/BackRotate@2x.png
  artifactKey: Guid(db211eab80abe447b865ccff41592e0e) Importer(2089858483,192608db42251d675da83286b1cce702)
Start importing Assets/Samples/XR Interaction Toolkit/3.2.2/XR Interaction Simulator/UI/Rotate/BackRotate@2x.png using Guid(db211eab80abe447b865ccff41592e0e) Importer(2089858483,192608db42251d675da83286b1cce702) (ScriptedImporter) -> (artifact id: '41a29a357c3b2ced12d9d89832771964') in 0.0429852 seconds
Number of updated asset objects reloaded before import = 0Number of asset objects unloaded after import = 3

========================================================================
Received Import Request.
  Time since last request: 0.000015 seconds.
  path: Assets/Samples/XR Interaction Toolkit/3.2.2/XR Interaction Simulator/UI/General/SwitchIcon.png
  artifactKey: Guid(208b7cba2773646428c0a2fe8c31d4e4) Importer(2089858483,192608db42251d675da83286b1cce702)
Start importing Assets/Samples/XR Interaction Toolkit/3.2.2/XR Interaction Simulator/UI/General/SwitchIcon.png using Guid(208b7cba2773646428c0a2fe8c31d4e4) Importer(2089858483,192608db42251d675da83286b1cce702) (ScriptedImporter) -> (artifact id: 'faf45fe68cc5729df0907f888710653e') in 0.0417987 seconds
Number of updated asset objects reloaded before import = 0Number of asset objects unloaded after import = 3

========================================================================
Received Import Request.
  Time since last request: 0.000018 seconds.
  path: Assets/Samples/XR Interaction Toolkit/3.2.2/XR Interaction Simulator/UI/Modes/MirrorMode@2x.png
  artifactKey: Guid(4f305c7c25f0148cd8a3b2707827b5b7) Importer(2089858483,192608db42251d675da83286b1cce702)
Start importing Assets/Samples/XR Interaction Toolkit/3.2.2/XR Interaction Simulator/UI/Modes/MirrorMode@2x.png using Guid(4f305c7c25f0148cd8a3b2707827b5b7) Importer(2089858483,192608db42251d675da83286b1cce702) (ScriptedImporter) -> (artifact id: 'e38428ed9716df39a4652ac9c3ccd49b') in 0.0423776 seconds
Number of updated asset objects reloaded before import = 0Number of asset objects unloaded after import = 3

========================================================================
Received Import Request.
  Time since last request: 0.000019 seconds.
  path: Assets/Samples/XR Interaction Toolkit/3.2.2/Starter Assets/Materials/Telport Anchor.mat
  artifactKey: Guid(fd3c5d8fce991e04f9c11109dde95b3b) Importer(2089858483,192608db42251d675da83286b1cce702)
Start importing Assets/Samples/XR Interaction Toolkit/3.2.2/Starter Assets/Materials/Telport Anchor.mat using Guid(fd3c5d8fce991e04f9c11109dde95b3b) Importer(2089858483,192608db42251d675da83286b1cce702) (ScriptedImporter) -> (artifact id: 'c73609e18afa5335f09245f33a611173') in 0.0315039 seconds
Number of updated asset objects reloaded before import = 0Number of asset objects unloaded after import = 2

========================================================================
Received Import Request.
  Time since last request: 0.000038 seconds.
  path: Assets/TDG Kiddy Rides/Materials/Textures/Plaster002_2K_Color.png
  artifactKey: Guid(2375b3bd943c104418a6572a1c7b2a91) Importer(2089858483,192608db42251d675da83286b1cce702)
Start importing Assets/TDG Kiddy Rides/Materials/Textures/Plaster002_2K_Color.png using Guid(2375b3bd943c104418a6572a1c7b2a91) Importer(2089858483,192608db42251d675da83286b1cce702) (ScriptedImporter) -> (artifact id: 'ae310df4c76553e89d35b9cc2db6255d') in 0.0452845 seconds
Number of updated asset objects reloaded before import = 0Number of asset objects unloaded after import = 1

========================================================================
Received Import Request.
  Time since last request: 0.000017 seconds.
  path: Assets/Samples/XR Interaction Toolkit/3.2.2/Starter Assets/DemoSceneAssets/Prefabs/Interactables/Cube.prefab
  artifactKey: Guid(2e16046ebcbcb6742a86569d82e56cce) Importer(2089858483,192608db42251d675da83286b1cce702)
Start importing Assets/Samples/XR Interaction Toolkit/3.2.2/Starter Assets/DemoSceneAssets/Prefabs/Interactables/Cube.prefab using Guid(2e16046ebcbcb6742a86569d82e56cce) Importer(2089858483,192608db42251d675da83286b1cce702) (ScriptedImporter) -> (artifact id: '11b42b01d9a3b5e152727aecc48a528e') in 0.0804825 seconds
Number of updated asset objects reloaded before import = 0Number of asset objects unloaded after import = 20

========================================================================
Received Import Request.
  Time since last request: 0.000021 seconds.
  path: Assets/Samples/XR Interaction Toolkit/3.2.2/Starter Assets/DemoSceneAssets/Prefabs/Teleport/Teleport Anchor.prefab
  artifactKey: Guid(fad94b617f0540568dbf4c9c4011248c) Importer(2089858483,192608db42251d675da83286b1cce702)
Start importing Assets/Samples/XR Interaction Toolkit/3.2.2/Starter Assets/DemoSceneAssets/Prefabs/Teleport/Teleport Anchor.prefab using Guid(fad94b617f0540568dbf4c9c4011248c) Importer(2089858483,192608db42251d675da83286b1cce702) (ScriptedImporter) -> (artifact id: '00b230716ad51e04f348951f7be6d76f') in 0.0966379 seconds
Number of updated asset objects reloaded before import = 0Number of asset objects unloaded after import = 13

========================================================================
Received Import Request.
  Time since last request: 0.000026 seconds.
  path: Assets/Samples/XR Interaction Toolkit/3.2.2/Starter Assets/DemoSceneAssets/Prefabs/Interactables/Torus-Cut.prefab
  artifactKey: Guid(833cb867d186193418fc107735ae3139) Importer(2089858483,192608db42251d675da83286b1cce702)
Start importing Assets/Samples/XR Interaction Toolkit/3.2.2/Starter Assets/DemoSceneAssets/Prefabs/Interactables/Torus-Cut.prefab using Guid(833cb867d186193418fc107735ae3139) Importer(2089858483,192608db42251d675da83286b1cce702) (ScriptedImporter) -> (artifact id: '503002eebe4d0186c8ebb34a0e63debf') in 0.0987786 seconds
Number of updated asset objects reloaded before import = 0Number of asset objects unloaded after import = 24

========================================================================
Received Import Request.
  Time since last request: 0.000027 seconds.
  path: Assets/Samples/XR Interaction Toolkit/3.2.2/XR Interaction Simulator/UI/Translate/TranslateRight@2x.png
  artifactKey: Guid(eb5a85b675ed34acf9efd6d574df4ceb) Importer(2089858483,192608db42251d675da83286b1cce702)
Start importing Assets/Samples/XR Interaction Toolkit/3.2.2/XR Interaction Simulator/UI/Translate/TranslateRight@2x.png using Guid(eb5a85b675ed34acf9efd6d574df4ceb) Importer(2089858483,192608db42251d675da83286b1cce702) (ScriptedImporter) -> (artifact id: 'dd37ed391effb0b86fc121adfb11d580') in 0.0357414 seconds
Number of updated asset objects reloaded before import = 0Number of asset objects unloaded after import = 3

========================================================================
Received Import Request.
  Time since last request: 0.000022 seconds.
  path: Assets/Samples/XR Interaction Toolkit/3.2.2/Starter Assets/DemoSceneAssets/Prefabs/Interactables/Blaser-Long.prefab
  artifactKey: Guid(fe7fcf44eedd467489de26ce92577bc3) Importer(2089858483,192608db42251d675da83286b1cce702)
Start importing Assets/Samples/XR Interaction Toolkit/3.2.2/Starter Assets/DemoSceneAssets/Prefabs/Interactables/Blaser-Long.prefab using Guid(fe7fcf44eedd467489de26ce92577bc3) Importer(2089858483,192608db42251d675da83286b1cce702) (ScriptedImporter) -> (artifact id: 'f7f0199363cd654d60da70e260c335c2') in 0.0676528 seconds
Number of updated asset objects reloaded before import = 0Number of asset objects unloaded after import = 35

========================================================================
Received Import Request.
  Time since last request: 0.000020 seconds.
  path: Assets/Samples/XR Interaction Toolkit/3.2.2/Starter Assets/DemoSceneAssets/Prefabs/Climb/ClimbTeleportReticle.prefab
  artifactKey: Guid(6eb816e9b7ce30f4cadff3d4ad7ad10c) Importer(2089858483,192608db42251d675da83286b1cce702)
Start importing Assets/Samples/XR Interaction Toolkit/3.2.2/Starter Assets/DemoSceneAssets/Prefabs/Climb/ClimbTeleportReticle.prefab using Guid(6eb816e9b7ce30f4cadff3d4ad7ad10c) Importer(2089858483,192608db42251d675da83286b1cce702) (ScriptedImporter) -> (artifact id: '6b354c404db0bef459402d99e42d32d0') in 0.0335983 seconds
Number of updated asset objects reloaded before import = 0Number of asset objects unloaded after import = 40

========================================================================
Received Import Request.
  Time since last request: 0.000021 seconds.
  path: Assets/Samples/XR Interaction Toolkit/3.2.2/XR Interaction Simulator/UI/Translate/TranslateDown.png
  artifactKey: Guid(e0fd4b1a727e94e57832e369a6bcaebd) Importer(2089858483,192608db42251d675da83286b1cce702)
Start importing Assets/Samples/XR Interaction Toolkit/3.2.2/XR Interaction Simulator/UI/Translate/TranslateDown.png using Guid(e0fd4b1a727e94e57832e369a6bcaebd) Importer(2089858483,192608db42251d675da83286b1cce702) (ScriptedImporter) -> (artifact id: 'aa8b38e2bf0e7e1dfd5ff666ecd9260b') in 0.0402449 seconds
Number of updated asset objects reloaded before import = 0Number of asset objects unloaded after import = 3

========================================================================
Received Import Request.
  Time since last request: 0.000028 seconds.
  path: Assets/Samples/XR Interaction Toolkit/3.2.2/Starter Assets/DemoSceneAssets/Prefabs/UI/ModalSingleButton.prefab
  artifactKey: Guid(c24a7635b5761984d81cf6c4aac26e0d) Importer(2089858483,192608db42251d675da83286b1cce702)
Start importing Assets/Samples/XR Interaction Toolkit/3.2.2/Starter Assets/DemoSceneAssets/Prefabs/UI/ModalSingleButton.prefab using Guid(c24a7635b5761984d81cf6c4aac26e0d) Importer(2089858483,192608db42251d675da83286b1cce702) (ScriptedImporter) -> (artifact id: '025123318295c3d81686c81d136e7514') in 0.1005438 seconds
Number of updated asset objects reloaded before import = 0Number of asset objects unloaded after import = 40

========================================================================
Received Import Request.
  Time since last request: 0.000020 seconds.
  path: Assets/Samples/XR Interaction Toolkit/3.2.2/Starter Assets/DemoSceneAssets/Prefabs/Interactables/Confetti.prefab
  artifactKey: Guid(7942e6544a2b2ae48bcf988d9aed838d) Importer(2089858483,192608db42251d675da83286b1cce702)
Start importing Assets/Samples/XR Interaction Toolkit/3.2.2/Starter Assets/DemoSceneAssets/Prefabs/Interactables/Confetti.prefab using Guid(7942e6544a2b2ae48bcf988d9aed838d) Importer(2089858483,192608db42251d675da83286b1cce702) (ScriptedImporter) -> (artifact id: '647e8c733ef48c2facd0b42c3ced70b8') in 0.1695836 seconds
Number of updated asset objects reloaded before import = 0Number of asset objects unloaded after import = 6

========================================================================
Received Import Request.
  Time since last request: 0.000017 seconds.
  path: Assets/Samples/XR Interaction Toolkit/3.2.2/Starter Assets/Presets/XRI Default Continuous Turn.preset
  artifactKey: Guid(735a78fc7c2a98a4e85e0e42bf895f48) Importer(2089858483,192608db42251d675da83286b1cce702)
Start importing Assets/Samples/XR Interaction Toolkit/3.2.2/Starter Assets/Presets/XRI Default Continuous Turn.preset using Guid(735a78fc7c2a98a4e85e0e42bf895f48) Importer(2089858483,192608db42251d675da83286b1cce702) (ScriptedImporter) -> (artifact id: '34ae5f3c239c652fe8c4b87a336fdc5c') in 0.0633638 seconds
Number of updated asset objects reloaded before import = 0Number of asset objects unloaded after import = 4

========================================================================
Received Import Request.
  Time since last request: 0.000039 seconds.
  path: Assets/CartoonTracksPack1/Track1/Meshes/Prefab_Meshes/prop_tree_E.FBX
  artifactKey: Guid(8f0ad3bb5b5d02941910376a351d50d6) Importer(2089858483,192608db42251d675da83286b1cce702)
Start importing Assets/CartoonTracksPack1/Track1/Meshes/Prefab_Meshes/prop_tree_E.FBX using Guid(8f0ad3bb5b5d02941910376a351d50d6) Importer(2089858483,192608db42251d675da83286b1cce702) (ScriptedImporter) -> (artifact id: 'bcfc6f50bef438733b9166c2755d0d01') in 0.0489237 seconds
Number of updated asset objects reloaded before import = 0Number of asset objects unloaded after import = 9

========================================================================
Received Import Request.
  Time since last request: 0.000018 seconds.
  path: Assets/TDG Kiddy Rides/Prefabs/Train.prefab
  artifactKey: Guid(f1413be8f3c7d5c4ea49081a0475e418) Importer(2089858483,192608db42251d675da83286b1cce702)
Start importing Assets/TDG Kiddy Rides/Prefabs/Train.prefab using Guid(f1413be8f3c7d5c4ea49081a0475e418) Importer(2089858483,192608db42251d675da83286b1cce702) (ScriptedImporter) -> (artifact id: '96fd51367f2dc2b4fac04dc7c18ceca6') in 0.0605327 seconds
Number of updated asset objects reloaded before import = 0Number of asset objects unloaded after import = 116

========================================================================
Received Import Request.
  Time since last request: 0.000020 seconds.
  path: Assets/Samples/XR Interaction Toolkit/3.2.2/Starter Assets/Models/BlinkVisual.fbx
  artifactKey: Guid(27b7629e54b332449bfa3a4065ffe17a) Importer(2089858483,192608db42251d675da83286b1cce702)
Start importing Assets/Samples/XR Interaction Toolkit/3.2.2/Starter Assets/Models/BlinkVisual.fbx using Guid(27b7629e54b332449bfa3a4065ffe17a) Importer(2089858483,192608db42251d675da83286b1cce702) (ScriptedImporter) -> (artifact id: 'd799f0c327324be9510547cf3a5286f0') in 0.04953 seconds
Number of updated asset objects reloaded before import = 0Number of asset objects unloaded after import = 8

========================================================================
Received Import Request.
  Time since last request: 0.000023 seconds.
  path: Assets/CartoonTracksPack1/Track1/Prefabs/Props/Team Signs/prop_team_16.prefab
  artifactKey: Guid(cf31a4ac54e8b4d4c8af82534b295992) Importer(2089858483,192608db42251d675da83286b1cce702)
Start importing Assets/CartoonTracksPack1/Track1/Prefabs/Props/Team Signs/prop_team_16.prefab using Guid(cf31a4ac54e8b4d4c8af82534b295992) Importer(2089858483,192608db42251d675da83286b1cce702) (ScriptedImporter) -> (artifact id: 'd7f7af236384c1edbdc15845f5a2b3ef') in 0.0518881 seconds
Number of updated asset objects reloaded before import = 0Number of asset objects unloaded after import = 8

========================================================================
Received Import Request.
  Time since last request: 0.000032 seconds.
  path: Assets/Samples/XR Interaction Toolkit/3.2.2/Starter Assets/DemoSceneAssets/Textures/Concrete_Metallic.tif
  artifactKey: Guid(f3fb518ec70eb4047b1c6ec34933fbce) Importer(2089858483,192608db42251d675da83286b1cce702)
Start importing Assets/Samples/XR Interaction Toolkit/3.2.2/Starter Assets/DemoSceneAssets/Textures/Concrete_Metallic.tif using Guid(f3fb518ec70eb4047b1c6ec34933fbce) Importer(2089858483,192608db42251d675da83286b1cce702) (ScriptedImporter) -> (artifact id: '36901731fe71b75f8f4c61877f0f1893') in 0.0489627 seconds
Number of updated asset objects reloaded before import = 0Number of asset objects unloaded after import = 1

========================================================================
Received Import Request.
  Time since last request: 0.000020 seconds.
  path: Assets/Settings/SampleSceneProfile.asset
  artifactKey: Guid(10fc4df2da32a41aaa32d77bc913491c) Importer(2089858483,192608db42251d675da83286b1cce702)
Start importing Assets/Settings/SampleSceneProfile.asset using Guid(10fc4df2da32a41aaa32d77bc913491c) Importer(2089858483,192608db42251d675da83286b1cce702) (ScriptedImporter) -> (artifact id: 'b1da71983afc36b70a4479b326a4529d') in 0.0316031 seconds
Number of updated asset objects reloaded before import = 0Number of asset objects unloaded after import = 1

========================================================================
Received Import Request.
  Time since last request: 0.000029 seconds.
  path: Assets/Samples/XR Interaction Toolkit/3.2.2/Starter Assets/Materials/Controller_Grey.mat
  artifactKey: Guid(99685157b02e4d446bbecb015645e5e8) Importer(2089858483,192608db42251d675da83286b1cce702)
Start importing Assets/Samples/XR Interaction Toolkit/3.2.2/Starter Assets/Materials/Controller_Grey.mat using Guid(99685157b02e4d446bbecb015645e5e8) Importer(2089858483,192608db42251d675da83286b1cce702) (ScriptedImporter) -> (artifact id: '6137ce0aa28e0e8651f07416e4937177') in 0.0320224 seconds
Number of updated asset objects reloaded before import = 0Number of asset objects unloaded after import = 2

========================================================================
Received Import Request.
  Time since last request: 0.000023 seconds.
  path: Assets/CartoonTracksPack1/Track1/Textures/grass_1.psd
  artifactKey: Guid(883f6ff05ac7c5949978e8653eb5c914) Importer(2089858483,192608db42251d675da83286b1cce702)
Start importing Assets/CartoonTracksPack1/Track1/Textures/grass_1.psd using Guid(883f6ff05ac7c5949978e8653eb5c914) Importer(2089858483,192608db42251d675da83286b1cce702) (ScriptedImporter) -> (artifact id: 'bbbdc15873cf5338b62c1030aeec3fb9') in 0.0418305 seconds
Number of updated asset objects reloaded before import = 0Number of asset objects unloaded after import = 1

========================================================================
Received Import Request.
  Time since last request: 0.000027 seconds.
  path: Assets/CartoonTracksPack1/Track1/Meshes/Prefab_Meshes/prop_barrier_pole.FBX
  artifactKey: Guid(d3f3b48614c832940a54b38c6a1724d6) Importer(2089858483,192608db42251d675da83286b1cce702)
Start importing Assets/CartoonTracksPack1/Track1/Meshes/Prefab_Meshes/prop_barrier_pole.FBX using Guid(d3f3b48614c832940a54b38c6a1724d6) Importer(2089858483,192608db42251d675da83286b1cce702) (ScriptedImporter) -> (artifact id: '1d1ab3c6778ce5f8c117efefd4f65e28') in 0.0358622 seconds
Number of updated asset objects reloaded before import = 0Number of asset objects unloaded after import = 9

========================================================================
Received Import Request.
  Time since last request: 0.000017 seconds.
  path: Assets/Samples/XR Interaction Toolkit/3.2.2/Starter Assets/Prefabs/Interactors/Ray Interactor.prefab
  artifactKey: Guid(ad818c36731146e994540a1896ad8f24) Importer(2089858483,192608db42251d675da83286b1cce702)
Start importing Assets/Samples/XR Interaction Toolkit/3.2.2/Starter Assets/Prefabs/Interactors/Ray Interactor.prefab using Guid(ad818c36731146e994540a1896ad8f24) Importer(2089858483,192608db42251d675da83286b1cce702) (ScriptedImporter) -> (artifact id: 'eb3f2cf0cb2c858996d5d7a89e94966a') in 0.1320944 seconds
Number of updated asset objects reloaded before import = 0Number of asset objects unloaded after import = 10

========================================================================
Received Import Request.
  Time since last request: 0.000030 seconds.
  path: Assets/Samples/XR Interaction Toolkit/3.2.2/Starter Assets/AffordanceThemes/PokeSphereInteraction.asset
  artifactKey: Guid(c2712227db89c5142adad58b143bf039) Importer(2089858483,192608db42251d675da83286b1cce702)
Start importing Assets/Samples/XR Interaction Toolkit/3.2.2/Starter Assets/AffordanceThemes/PokeSphereInteraction.asset using Guid(c2712227db89c5142adad58b143bf039) Importer(2089858483,192608db42251d675da83286b1cce702) (ScriptedImporter) -> (artifact id: '4554741f549bb8459314e7b0021c0e28') in 0.0560286 seconds
Number of updated asset objects reloaded before import = 0Number of asset objects unloaded after import = 1

========================================================================
Received Import Request.
  Time since last request: 0.000030 seconds.
  path: Assets/CartoonTracksPack1/Track1/Demo Scenes/single_objects_demo/LightingData.asset
  artifactKey: Guid(29197ca07b9916546864fb05ac1e2871) Importer(2089858483,192608db42251d675da83286b1cce702)
Start importing Assets/CartoonTracksPack1/Track1/Demo Scenes/single_objects_demo/LightingData.asset using Guid(29197ca07b9916546864fb05ac1e2871) Importer(2089858483,192608db42251d675da83286b1cce702) (ScriptedImporter) -> (artifact id: 'eecc23867e7e82635022a2257dba10a3') in 0.0497998 seconds
Number of updated asset objects reloaded before import = 0Number of asset objects unloaded after import = 2

========================================================================
Received Import Request.
  Time since last request: 0.000017 seconds.
  path: Assets/CartoonTracksPack1/Track1/Meshes/Prefab_Meshes/prop_cone.FBX
  artifactKey: Guid(08839dbaff4903347b8d8e04bc5e08f6) Importer(2089858483,192608db42251d675da83286b1cce702)
Start importing Assets/CartoonTracksPack1/Track1/Meshes/Prefab_Meshes/prop_cone.FBX using Guid(08839dbaff4903347b8d8e04bc5e08f6) Importer(2089858483,192608db42251d675da83286b1cce702) (ScriptedImporter) -> (artifact id: 'bbefe3010a64a683c7c999f27c08bad7') in 0.1167633 seconds
Number of updated asset objects reloaded before import = 0Number of asset objects unloaded after import = 9

========================================================================
Received Import Request.
  Time since last request: 0.000027 seconds.
  path: Assets/CartoonTracksPack1/Track1/Meshes/Prefab_Meshes/prop_team_5.FBX
  artifactKey: Guid(3f62496935ce313428580c73189129ac) Importer(2089858483,192608db42251d675da83286b1cce702)
Start importing Assets/CartoonTracksPack1/Track1/Meshes/Prefab_Meshes/prop_team_5.FBX using Guid(3f62496935ce313428580c73189129ac) Importer(2089858483,192608db42251d675da83286b1cce702) (ScriptedImporter) -> (artifact id: '76192a457f331b46d73ec92cf9855893') in 0.0921429 seconds
Number of updated asset objects reloaded before import = 0Number of asset objects unloaded after import = 9

========================================================================
Received Import Request.
  Time since last request: 4880.988785 seconds.
  path: Assets/Scenes/Main Scene.unity
  artifactKey: Guid(013640891b253ca4b9970af6fa8746ef) Importer(815301076,1909f56bfc062723c751e8b465ee728b)
Start importing Assets/Scenes/Main Scene.unity using Guid(013640891b253ca4b9970af6fa8746ef) Importer(815301076,1909f56bfc062723c751e8b465ee728b) (PreviewImporter) -> (artifact id: 'e169b385ae1491f5ea10e4bd56839a49') in 0.0073625 seconds
Number of updated asset objects reloaded before import = 0Number of asset objects unloaded after import = 0

========================================================================
Received Import Request.
  Time since last request: 142.331291 seconds.
  path: Assets/Scenes/Scena_noua.unity
  artifactKey: Guid(7bb29ecdf7ca9e24e90a0431f1470346) Importer(2089858483,192608db42251d675da83286b1cce702)
Start importing Assets/Scenes/Scena_noua.unity using Guid(7bb29ecdf7ca9e24e90a0431f1470346) Importer(2089858483,192608db42251d675da83286b1cce702) (ScriptedImporter) -> (artifact id: '695f9abaf6a32c2f2773ad37e1484fc7') in 0.0373226 seconds
Number of updated asset objects reloaded before import = 0Number of asset objects unloaded after import = 1

========================================================================
Received Import Request.
  Time since last request: 14.781586 seconds.
  path: Assets/Scenes/Scena_noua.unity
  artifactKey: Guid(7bb29ecdf7ca9e24e90a0431f1470346) Importer(815301076,1909f56bfc062723c751e8b465ee728b)
Start importing Assets/Scenes/Scena_noua.unity using Guid(7bb29ecdf7ca9e24e90a0431f1470346) Importer(815301076,1909f56bfc062723c751e8b465ee728b) (PreviewImporter) -> (artifact id: '50f9c474359aee7951b4c5d1b6b82c12') in 0.0007334 seconds
Number of updated asset objects reloaded before import = 0Number of asset objects unloaded after import = 0

========================================================================
Received Import Request.
  Time since last request: 5.773344 seconds.
  path: Assets/Scenes/Scena_noua.unity
  artifactKey: Guid(7bb29ecdf7ca9e24e90a0431f1470346) Importer(2089858483,192608db42251d675da83286b1cce702)
Start importing Assets/Scenes/Scena_noua.unity using Guid(7bb29ecdf7ca9e24e90a0431f1470346) Importer(2089858483,192608db42251d675da83286b1cce702) (ScriptedImporter) -> (artifact id: '23a0d4ad47acc975d6d03052ffb13b43') in 0.0335242 seconds
Number of updated asset objects reloaded before import = 0Number of asset objects unloaded after import = 1

========================================================================
Received Import Request.
  Time since last request: 3.878430 seconds.
  path: Assets/Scenes/Scena_noua.unity
  artifactKey: Guid(7bb29ecdf7ca9e24e90a0431f1470346) Importer(815301076,1909f56bfc062723c751e8b465ee728b)
Start importing Assets/Scenes/Scena_noua.unity using Guid(7bb29ecdf7ca9e24e90a0431f1470346) Importer(815301076,1909f56bfc062723c751e8b465ee728b) (PreviewImporter) -> (artifact id: '28ebc35d1c8a9221de5d06ae240f78ac') in 0.0006022 seconds
Number of updated asset objects reloaded before import = 0Number of asset objects unloaded after import = 0

========================================================================
Received Prepare
Begin MonoManager ReloadAssembly
[Licensing::Client] Successfully resolved entitlement details
- Loaded All Assemblies, in  8.056 seconds
Refreshing native plugins compatible for Editor in 8.98 ms, found 9 plugins.
Native extension for Android target not found
Native extension for WindowsStandalone target not found
Native extension for WebGL target not found
[Package Manager] Failed to launch server process. Reason: Unity was launched with the -noUpm command-line argument
[Package Manager] Unable to send message (not connected to server process).
[Package Manager] Cannot connect to Unity Package Manager local server
Mono: successfully reloaded assembly
[Package Manager] Failed to launch server process. Reason: Unity was launched with the -noUpm command-line argument
[Package Manager] Unable to send message (not connected to server process).
[Package Manager] Cannot connect to Unity Package Manager local server
- Finished resetting the current domain, in  1.878 seconds
Domain Reload Profiling: 9938ms
	BeginReloadAssembly (1240ms)
		ExecutionOrderSort (0ms)
		DisableScriptedObjects (25ms)
		BackupInstance (0ms)
		ReleaseScriptingObjects (1ms)
		CreateAndSetChildDomain (190ms)
	RebuildCommonClasses (277ms)
	RebuildNativeTypeToScriptingClass (14ms)
	initialDomainReloadingComplete (39ms)
	LoadAllAssembliesAndSetupDomain (6489ms)
		LoadAssemblies (7094ms)
		RebuildTransferFunctionScriptingTraits (0ms)
		AnalyzeDomain (295ms)
			TypeCache.Refresh (14ms)
				TypeCache.ScanAssembly (0ms)
			BuildScriptInfoCaches (254ms)
			ResolveRequiredComponents (18ms)
	FinalizeReload (1880ms)
		ReleaseScriptCaches (0ms)
		RebuildScriptCaches (0ms)
		SetupLoadedEditorAssemblies (1540ms)
			LogAssemblyErrors (0ms)
			InitializePlatformSupportModulesInManaged (19ms)
			SetLoadedEditorAssemblies (8ms)
			BeforeProcessingInitializeOnLoad (228ms)
			ProcessInitializeOnLoadAttributes (979ms)
			ProcessInitializeOnLoadMethodAttributes (294ms)
			AfterProcessingInitializeOnLoad (11ms)
			EditorAssembliesLoaded (1ms)
		ExecutionOrderSort2 (0ms)
		AwakeInstancesAfterBackupRestoration (43ms)
Refreshing native plugins compatible for Editor in 9.14 ms, found 9 plugins.
Preloading 0 native plugins for Editor in 0.00 ms.
Unloading 13 Unused Serialized files (Serialized files now loaded: 0)
Unloading 7262 unused Assets / (7.2 MB). Loaded Objects now: 8000.
Memory consumption went from 218.0 MB to 210.9 MB.
Total: 12.075200 ms (FindLiveObjects: 0.548000 ms CreateObjectMapping: 0.353000 ms MarkObjects: 6.647000 ms  DeleteObjects: 4.525600 ms)

Prepare: number of updated asset objects reloaded= 0
========================================================================
Received Prepare
Begin MonoManager ReloadAssembly
[Licensing::Client] Successfully resolved entitlement details
- Loaded All Assemblies, in  0.884 seconds
Refreshing native plugins compatible for Editor in 9.48 ms, found 9 plugins.
Native extension for Android target not found
Native extension for WindowsStandalone target not found
Native extension for WebGL target not found
[Package Manager] Failed to launch server process. Reason: Unity was launched with the -noUpm command-line argument
[Package Manager] Unable to send message (not connected to server process).
[Package Manager] Cannot connect to Unity Package Manager local server
Mono: successfully reloaded assembly
[Package Manager] Failed to launch server process. Reason: Unity was launched with the -noUpm command-line argument
[Package Manager] Unable to send message (not connected to server process).
[Package Manager] Cannot connect to Unity Package Manager local server
- Finished resetting the current domain, in  1.085 seconds
Domain Reload Profiling: 1972ms
	BeginReloadAssembly (244ms)
		ExecutionOrderSort (0ms)
		DisableScriptedObjects (9ms)
		BackupInstance (0ms)
		ReleaseScriptingObjects (0ms)
		CreateAndSetChildDomain (50ms)
	RebuildCommonClasses (46ms)
	RebuildNativeTypeToScriptingClass (14ms)
	initialDomainReloadingComplete (29ms)
	LoadAllAssembliesAndSetupDomain (553ms)
		LoadAssemblies (415ms)
		RebuildTransferFunctionScriptingTraits (0ms)
		AnalyzeDomain (252ms)
			TypeCache.Refresh (9ms)
				TypeCache.ScanAssembly (0ms)
			BuildScriptInfoCaches (215ms)
			ResolveRequiredComponents (20ms)
	FinalizeReload (1086ms)
		ReleaseScriptCaches (0ms)
		RebuildScriptCaches (0ms)
		SetupLoadedEditorAssemblies (860ms)
			LogAssemblyErrors (0ms)
			InitializePlatformSupportModulesInManaged (11ms)
			SetLoadedEditorAssemblies (6ms)
			BeforeProcessingInitializeOnLoad (177ms)
			ProcessInitializeOnLoadAttributes (525ms)
			ProcessInitializeOnLoadMethodAttributes (135ms)
			AfterProcessingInitializeOnLoad (5ms)
			EditorAssembliesLoaded (0ms)
		ExecutionOrderSort2 (0ms)
		AwakeInstancesAfterBackupRestoration (18ms)
Refreshing native plugins compatible for Editor in 8.74 ms, found 9 plugins.
Preloading 0 native plugins for Editor in 0.00 ms.
Unloading 13 Unused Serialized files (Serialized files now loaded: 0)
Unloading 7256 unused Assets / (7.6 MB). Loaded Objects now: 8003.
Memory consumption went from 218.0 MB to 210.4 MB.
Total: 10.472300 ms (FindLiveObjects: 0.522900 ms CreateObjectMapping: 0.363400 ms MarkObjects: 5.789100 ms  DeleteObjects: 3.795400 ms)

Prepare: number of updated asset objects reloaded= 0
========================================================================
Received Import Request.
  Time since last request: 2688.249014 seconds.
  path: Assets/Scenes/Scena_noua.unity
  artifactKey: Guid(7bb29ecdf7ca9e24e90a0431f1470346) Importer(815301076,1909f56bfc062723c751e8b465ee728b)
Start importing Assets/Scenes/Scena_noua.unity using Guid(7bb29ecdf7ca9e24e90a0431f1470346) Importer(815301076,1909f56bfc062723c751e8b465ee728b) (PreviewImporter) -> (artifact id: 'f9fff2d8294d8e32c858cd3bc985f9fd') in 0.0354692 seconds
Number of updated asset objects reloaded before import = 0Number of asset objects unloaded after import = 0

========================================================================
Received Prepare
Begin MonoManager ReloadAssembly
[Licensing::Client] Successfully resolved entitlement details
- Loaded All Assemblies, in  0.900 seconds
Refreshing native plugins compatible for Editor in 7.58 ms, found 9 plugins.
Native extension for Android target not found
Native extension for WindowsStandalone target not found
Native extension for WebGL target not found
[Package Manager] Failed to launch server process. Reason: Unity was launched with the -noUpm command-line argument
[Package Manager] Unable to send message (not connected to server process).
[Package Manager] Cannot connect to Unity Package Manager local server
Mono: successfully reloaded assembly
[Package Manager] Failed to launch server process. Reason: Unity was launched with the -noUpm command-line argument
[Package Manager] Unable to send message (not connected to server process).
[Package Manager] Cannot connect to Unity Package Manager local server
- Finished resetting the current domain, in  1.051 seconds
Domain Reload Profiling: 1954ms
	BeginReloadAssembly (244ms)
		ExecutionOrderSort (0ms)
		DisableScriptedObjects (7ms)
		BackupInstance (0ms)
		ReleaseScriptingObjects (0ms)
		CreateAndSetChildDomain (54ms)
	RebuildCommonClasses (40ms)
	RebuildNativeTypeToScriptingClass (16ms)
	initialDomainReloadingComplete (30ms)
	LoadAllAssembliesAndSetupDomain (572ms)
		LoadAssemblies (427ms)
		RebuildTransferFunctionScriptingTraits (0ms)
		AnalyzeDomain (255ms)
			TypeCache.Refresh (9ms)
				TypeCache.ScanAssembly (0ms)
			BuildScriptInfoCaches (223ms)
			ResolveRequiredComponents (15ms)
	FinalizeReload (1052ms)
		ReleaseScriptCaches (0ms)
		RebuildScriptCaches (0ms)
		SetupLoadedEditorAssemblies (807ms)
			LogAssemblyErrors (0ms)
			InitializePlatformSupportModulesInManaged (12ms)
			SetLoadedEditorAssemblies (5ms)
			BeforeProcessingInitializeOnLoad (152ms)
			ProcessInitializeOnLoadAttributes (496ms)
			ProcessInitializeOnLoadMethodAttributes (135ms)
			AfterProcessingInitializeOnLoad (6ms)
			EditorAssembliesLoaded (0ms)
		ExecutionOrderSort2 (0ms)
		AwakeInstancesAfterBackupRestoration (19ms)
Refreshing native plugins compatible for Editor in 7.02 ms, found 9 plugins.
Preloading 0 native plugins for Editor in 0.00 ms.
Unloading 13 Unused Serialized files (Serialized files now loaded: 0)
Unloading 7256 unused Assets / (7.5 MB). Loaded Objects now: 8006.
Memory consumption went from 194.7 MB to 187.3 MB.
Total: 9.876100 ms (FindLiveObjects: 0.625400 ms CreateObjectMapping: 0.449800 ms MarkObjects: 4.645800 ms  DeleteObjects: 4.153200 ms)

Prepare: number of updated asset objects reloaded= 0
========================================================================
Received Import Request.
  Time since last request: 307.256914 seconds.
  path: Assets/TDG Kiddy Rides/Prefabs/Background.prefab
  artifactKey: Guid(13a000b01d20a404f8c27c649462ff14) Importer(815301076,1909f56bfc062723c751e8b465ee728b)
Start importing Assets/TDG Kiddy Rides/Prefabs/Background.prefab using Guid(13a000b01d20a404f8c27c649462ff14) Importer(815301076,1909f56bfc062723c751e8b465ee728b) (PreviewImporter) -> (artifact id: 'ae378271436aa71f78a15b0a1b04a297') in 4.7715533 seconds
Number of updated asset objects reloaded before import = 0Number of asset objects unloaded after import = 28

========================================================================
Received Import Request.
  Time since last request: 0.000079 seconds.
  path: Assets/TDG Kiddy Rides/Prefabs/Poster1.prefab
  artifactKey: Guid(4cc06d955eb886d4d972be67604f75ee) Importer(815301076,1909f56bfc062723c751e8b465ee728b)
Start importing Assets/TDG Kiddy Rides/Prefabs/Poster1.prefab using Guid(4cc06d955eb886d4d972be67604f75ee) Importer(815301076,1909f56bfc062723c751e8b465ee728b) (PreviewImporter) -> (artifact id: '10ce8f75db9addcb6f14600a902f43be') in 0.1165361 seconds
Number of updated asset objects reloaded before import = 0Number of asset objects unloaded after import = 16

========================================================================
Received Import Request.
  Time since last request: 0.000038 seconds.
  path: Assets/TDG Kiddy Rides/Prefabs/Plane.prefab
  artifactKey: Guid(fce924291e70a354caa72f2986e4271f) Importer(815301076,1909f56bfc062723c751e8b465ee728b)
Start importing Assets/TDG Kiddy Rides/Prefabs/Plane.prefab using Guid(fce924291e70a354caa72f2986e4271f) Importer(815301076,1909f56bfc062723c751e8b465ee728b) (PreviewImporter) -> (artifact id: 'fb89740c0510a9837d03c85c6a48a833') in 0.0918558 seconds
Number of updated asset objects reloaded before import = 0Number of asset objects unloaded after import = 84

========================================================================
Received Import Request.
  Time since last request: 0.000029 seconds.
  path: Assets/TDG Kiddy Rides/Prefabs/Poster2.prefab
  artifactKey: Guid(2bc9d34798e9e7d42a2f71e4ce785aac) Importer(815301076,1909f56bfc062723c751e8b465ee728b)
Start importing Assets/TDG Kiddy Rides/Prefabs/Poster2.prefab using Guid(2bc9d34798e9e7d42a2f71e4ce785aac) Importer(815301076,1909f56bfc062723c751e8b465ee728b) (PreviewImporter) -> (artifact id: 'ee5d8e526aa696ce078d50125d4ca2d5') in 0.0672322 seconds
Number of updated asset objects reloaded before import = 0Number of asset objects unloaded after import = 16

========================================================================
Received Import Request.
  Time since last request: 0.000030 seconds.
  path: Assets/TDG Kiddy Rides/Prefabs/VendingMachine.prefab
  artifactKey: Guid(1062a88b3e5f7444d81475b3a19efe14) Importer(815301076,1909f56bfc062723c751e8b465ee728b)
Start importing Assets/TDG Kiddy Rides/Prefabs/VendingMachine.prefab using Guid(1062a88b3e5f7444d81475b3a19efe14) Importer(815301076,1909f56bfc062723c751e8b465ee728b) (PreviewImporter) -> (artifact id: 'fa0cd0b3c9cf11f8d697b61bab172882') in 0.058974 seconds
Number of updated asset objects reloaded before import = 0Number of asset objects unloaded after import = 44

========================================================================
Received Import Request.
  Time since last request: 0.000049 seconds.
  path: Assets/TDG Kiddy Rides/Prefabs/Poster3.prefab
  artifactKey: Guid(76a9ffc020c24f647a48366c8331293c) Importer(815301076,1909f56bfc062723c751e8b465ee728b)
Start importing Assets/TDG Kiddy Rides/Prefabs/Poster3.prefab using Guid(76a9ffc020c24f647a48366c8331293c) Importer(815301076,1909f56bfc062723c751e8b465ee728b) (PreviewImporter) -> (artifact id: '833842070dd74e312ed22fe963f6784e') in 0.0758438 seconds
Number of updated asset objects reloaded before import = 0Number of asset objects unloaded after import = 9

========================================================================
Received Import Request.
  Time since last request: 2.130198 seconds.
  path: Assets/XR/XRGeneralSettingsPerBuildTarget.asset
  artifactKey: Guid(c8538cc895030614abf6b0ee01c6a0d7) Importer(815301076,1909f56bfc062723c751e8b465ee728b)
Start importing Assets/XR/XRGeneralSettingsPerBuildTarget.asset using Guid(c8538cc895030614abf6b0ee01c6a0d7) Importer(815301076,1909f56bfc062723c751e8b465ee728b) (PreviewImporter) -> (artifact id: 'e444303cc43312983a2c0be7d2562c92') in 0.0392976 seconds
Number of updated asset objects reloaded before import = 0Number of asset objects unloaded after import = 6

========================================================================
Received Import Request.
  Time since last request: 8.367865 seconds.
  path: Assets/TDG Kiddy Rides/Models/Bin.fbx
  artifactKey: Guid(933be079f9d09e34589d40959fe29811) Importer(815301076,1909f56bfc062723c751e8b465ee728b)
Start importing Assets/TDG Kiddy Rides/Models/Bin.fbx using Guid(933be079f9d09e34589d40959fe29811) Importer(815301076,1909f56bfc062723c751e8b465ee728b) (PreviewImporter) -> (artifact id: '86c5090114284b1e80b707114b5f46b1') in 0.5759818 seconds
Number of updated asset objects reloaded before import = 0Number of asset objects unloaded after import = 12

========================================================================
Received Import Request.
  Time since last request: 0.000028 seconds.
  path: Assets/TDG Kiddy Rides/Models/Plane.fbx
  artifactKey: Guid(ae00187407d1a4343b752a4493b9ea1f) Importer(815301076,1909f56bfc062723c751e8b465ee728b)
Start importing Assets/TDG Kiddy Rides/Models/Plane.fbx using Guid(ae00187407d1a4343b752a4493b9ea1f) Importer(815301076,1909f56bfc062723c751e8b465ee728b) (PreviewImporter) -> (artifact id: '16027655077ac82a22bc4736b3bbfa25') in 0.1772025 seconds
Number of updated asset objects reloaded before import = 0Number of asset objects unloaded after import = 47

========================================================================
Received Import Request.
  Time since last request: 0.000032 seconds.
  path: Assets/TDG Kiddy Rides/Models/Poster1.fbx
  artifactKey: Guid(f9917001b70b1de43aa2e63c1b30ed26) Importer(815301076,1909f56bfc062723c751e8b465ee728b)
Start importing Assets/TDG Kiddy Rides/Models/Poster1.fbx using Guid(f9917001b70b1de43aa2e63c1b30ed26) Importer(815301076,1909f56bfc062723c751e8b465ee728b) (PreviewImporter) -> (artifact id: 'b16709b760af7957d995d334c601d319') in 0.0400583 seconds
Number of updated asset objects reloaded before import = 0Number of asset objects unloaded after import = 9

========================================================================
Received Import Request.
  Time since last request: 0.000040 seconds.
  path: Assets/TDG Kiddy Rides/Models/Train.fbx
  artifactKey: Guid(4d34897e4abd99a479981ef28f68c1d8) Importer(815301076,1909f56bfc062723c751e8b465ee728b)
Start importing Assets/TDG Kiddy Rides/Models/Train.fbx using Guid(4d34897e4abd99a479981ef28f68c1d8) Importer(815301076,1909f56bfc062723c751e8b465ee728b) (PreviewImporter) -> (artifact id: 'a715af854b8809454fc13af596d626ae') in 0.301389 seconds
Number of updated asset objects reloaded before import = 0Number of asset objects unloaded after import = 130

========================================================================
Received Import Request.
  Time since last request: 0.000029 seconds.
  path: Assets/TDG Kiddy Rides/Models/Poster2.fbx
  artifactKey: Guid(a9276a8e9181c5e4d8b748bfbf529e0c) Importer(815301076,1909f56bfc062723c751e8b465ee728b)
Start importing Assets/TDG Kiddy Rides/Models/Poster2.fbx using Guid(a9276a8e9181c5e4d8b748bfbf529e0c) Importer(815301076,1909f56bfc062723c751e8b465ee728b) (PreviewImporter) -> (artifact id: '545a436b4521dbfbba3f439470bc8d5e') in 0.0393822 seconds
Number of updated asset objects reloaded before import = 0Number of asset objects unloaded after import = 9

========================================================================
Received Import Request.
  Time since last request: 0.000053 seconds.
  path: Assets/TDG Kiddy Rides/Models/Orb.fbx
  artifactKey: Guid(8f3e01692a3d34042b1f0ce5f6cfa0cc) Importer(815301076,1909f56bfc062723c751e8b465ee728b)
Start importing Assets/TDG Kiddy Rides/Models/Orb.fbx using Guid(8f3e01692a3d34042b1f0ce5f6cfa0cc) Importer(815301076,1909f56bfc062723c751e8b465ee728b) (PreviewImporter) -> (artifact id: 'e66dd5f698a37bd00c98af4f1ce20220') in 0.0935332 seconds
Number of updated asset objects reloaded before import = 0Number of asset objects unloaded after import = 37

Editor requested this worker to shutdown with reason: Scaling down because of idle timeout
AssetImportWorker is now disconnected from the server
Process exiting
Exiting without the bug reporter. Application will terminate with return code 0