[Licensing::Module] Trying to connect to existing licensing client channel...
Built from '6000.2/staging' branch; Version is '6000.2.13f1 (abdb44fca7f7) revision 11262788'; Using compiler version '194234433'; Build Type 'Release'
[Licensing::IpcConnector] Successfully connected to: "LicenseClient-Adriana" at "2025-12-08T19:06:56.2781373Z"
OS: 'Windows 11  (10.0.26200) 64bit Professional' Language: 'ro' Physical Memory: 16087 MB
BatchMode: 1, IsHumanControllingUs: 0, StartBugReporterOnCrash: 0, Is64bit: 1
Date: 2025-12-08T19:06:56Z

COMMAND LINE ARGUMENTS:
C:\Program Files\Unity\Hub\Editor\6000.2.13f1\Editor\Unity.exe
-adb2
-batchMode
-noUpm
-name
AssetImportWorker3
-projectPath
C:/Users/Adriana/MotoRace
-logFile
Logs/AssetImportWorker3.log
-srvPort
49630
-licensingIpc
LicenseClient-Adriana
-job-worker-count
7
-background-job-worker-count
8
-gc-helper-count
1
-name
AssetImport
Successfully changed project path to: C:/Users/Adriana/MotoRace
C:/Users/Adriana/MotoRace
[UnityMemory] Configuration Parameters - Can be set up in boot.config
    "memorysetup-allocator-temp-initial-block-size-main=262144"
    "memorysetup-allocator-temp-initial-block-size-worker=262144"
    "memorysetup-bucket-allocator-granularity=16"
    "memorysetup-bucket-allocator-bucket-count=8"
    "memorysetup-bucket-allocator-block-size=33554432"
    "memorysetup-bucket-allocator-block-count=8"
    "memorysetup-main-allocator-block-size=16777216"
    "memorysetup-thread-allocator-block-size=16777216"
    "memorysetup-gfx-main-allocator-block-size=16777216"
    "memorysetup-gfx-thread-allocator-block-size=16777216"
    "memorysetup-cache-allocator-block-size=4194304"
    "memorysetup-typetree-allocator-block-size=2097152"
    "memorysetup-profiler-bucket-allocator-granularity=16"
    "memorysetup-profiler-bucket-allocator-bucket-count=8"
    "memorysetup-profiler-bucket-allocator-block-size=33554432"
    "memorysetup-profiler-bucket-allocator-block-count=8"
    "memorysetup-profiler-allocator-block-size=16777216"
    "memorysetup-profiler-editor-allocator-block-size=1048576"
    "memorysetup-temp-allocator-size-main=16777216"
    "memorysetup-job-temp-allocator-block-size=2097152"
    "memorysetup-job-temp-allocator-block-size-background=1048576"
    "memorysetup-job-temp-allocator-reduction-small-platforms=262144"
    "memorysetup-temp-allocator-size-background-worker=32768"
    "memorysetup-temp-allocator-size-job-worker=262144"
    "memorysetup-temp-allocator-size-preload-manager=33554432"
    "memorysetup-temp-allocator-size-nav-mesh-worker=65536"
    "memorysetup-temp-allocator-size-audio-worker=65536"
    "memorysetup-temp-allocator-size-cloud-worker=32768"
    "memorysetup-temp-allocator-size-gi-baking-worker=262144"
    "memorysetup-temp-allocator-size-gi-baking-worker=262144"
    "memorysetup-temp-allocator-size-gi-baking-worker=262144"
    "memorysetup-temp-allocator-size-gi-baking-worker=262144"
    "memorysetup-temp-allocator-size-gi-baking-worker=262144"
    "memorysetup-temp-allocator-size-gfx=262144"
Player connection [24760]  Target information:

Player connection [24760]  * "[IP] 192.168.56.1 [Port] 0 [Flags] 2 [Guid] 2022581928 [EditorId] 2022581928 [Version] 1048832 [Id] WindowsEditor(7,DESKTOP-2IJ2LRL) [Debug] 1 [PackageName] WindowsEditor [ProjectName] Editor" 

Player connection [24760]  * "[IP] 172.17.113.227 [Port] 0 [Flags] 2 [Guid] 2022581928 [EditorId] 2022581928 [Version] 1048832 [Id] WindowsEditor(7,DESKTOP-2IJ2LRL) [Debug] 1 [PackageName] WindowsEditor [ProjectName] Editor" 

Player connection [24760] Host joined multi-casting on [225.0.0.222:54997]...
Player connection [24760] Host joined alternative multi-casting on [225.0.0.222:34997]...
JobSystem: Creating JobQueue using job-worker-count value 7
Input System module state changed to: Initialized.
[Physics::Module] Initialized fallback backend.
[Physics::Module] Id: 0xdecafbad
Library Redirect Path: Library/
[Physics::Module] Selected backend.
[Physics::Module] Name: PhysX
[Physics::Module] Id: 0xf2b8ea05
[Physics::Module] SDK Version: 4.1.2
[Physics::Module] Integration Version: 1.0.0
[Physics::Module] Threading Mode: Multi-Threaded
Refreshing native plugins compatible for Editor in 21.39 ms, found 9 plugins.
Preloading 0 native plugins for Editor in 0.00 ms.
Initialize engine version: 6000.2.13f1 (abdb44fca7f7)
[Subsystems] Discovering subsystems at path C:/Program Files/Unity/Hub/Editor/6000.2.13f1/Editor/Data/Resources/UnitySubsystems
[Subsystems] Discovering subsystems at path C:/Users/Adriana/MotoRace/Assets
GfxDevice: creating device client; kGfxThreadingModeNonThreaded
Direct3D:
    Version:  Direct3D 11.0 [level 11.1]
    Renderer: NVIDIA GeForce RTX 4050 Laptop GPU (ID=0x28a1)
    Vendor:   NVIDIA
    VRAM:     5921 MB
    Driver:   32.0.15.8180
Initialize mono
Mono path[0] = 'C:/Program Files/Unity/Hub/Editor/6000.2.13f1/Editor/Data/Managed'
Mono path[1] = 'C:/Program Files/Unity/Hub/Editor/6000.2.13f1/Editor/Data/MonoBleedingEdge/lib/mono/unityjit-win32'
Mono config path = 'C:/Program Files/Unity/Hub/Editor/6000.2.13f1/Editor/Data/MonoBleedingEdge/etc'
Using monoOptions --debugger-agent=transport=dt_socket,embedding=1,server=y,suspend=n,address=127.0.0.1:56100
Begin MonoManager ReloadAssembly
Registering precompiled unity dll's ...
Register platform support module: C:/Program Files/Unity/Hub/Editor/6000.2.13f1/Editor/Data/PlaybackEngines/WebGLSupport/UnityEditor.WebGL.Extensions.dll
Register platform support module: C:/Program Files/Unity/Hub/Editor/6000.2.13f1/Editor/Data/PlaybackEngines/WindowsStandaloneSupport/UnityEditor.WindowsStandalone.Extensions.dll
[Licensing::Module] Licensing is not yet initialized.
[Licensing::Client] Error: HandshakeResponse reported an error:
	ResponseCode: 505
	ResponseStatus: Unsupported protocol version '1.17.4'.
[Licensing::Module] Error: Failed to handshake to channel: "LicenseClient-Adriana"
[Licensing::IpcConnector] LicenseClient-Adriana channel disconnected successfully.
[Licensing::IpcConnector] Successfully connected to: "LicenseClient-Adriana-6000.2.13" at "2025-12-08T19:06:57.6415601Z"
[Licensing::Client] Handshaking with LicensingClient:
  Version:                 1.17.4+4293ba1
  Session Id:              d6c3a31b46cd4fd798100f242479ded6
  Correlation Id:          6da42f477ab7b187321330114f77d0db
  External correlation Id: 7460987463750824348
  Machine Id:              Nn+Q6OZ7DqwZ5OdXX1Tctp1pyMY=
[Licensing::Module] Successfully connected to LicensingClient on channel: "LicenseClient-Adriana-6000.2.13" (connect: 0.00s, validation: 0.00s, handshake: 1.10s)
[Licensing::IpcConnector] Successfully connected to: "LicenseClient-Adriana-6000.2.13-notifications" at "2025-12-08T19:06:58.7383502Z"
[Licensing::Module] Licensing Background thread has ended after 2.46s
[Licensing::Module] Licensing is initialized (took 1.36s).
[Licensing::Client] Successfully resolved entitlement details
[Licensing::Module] License group:
  Id: 7972505243881-UnityPersXXXX
  Product: Unity Personal
  Type: Assigned
  Expiration: Unlimited
Register platform support module: C:/Program Files/Unity/Hub/Editor/6000.2.13f1/Editor/Data/PlaybackEngines/AndroidPlayer/UnityEditor.Android.Extensions.dll
Registered in 1.363728 seconds.
- Loaded All Assemblies, in  1.924 seconds
Native extension for Android target not found
Android Extension - Scanning For ADB Devices 349 ms
Native extension for WindowsStandalone target not found
Native extension for WebGL target not found
Mono: successfully reloaded assembly
- Finished resetting the current domain, in  0.967 seconds
Domain Reload Profiling: 2889ms
	BeginReloadAssembly (225ms)
		ExecutionOrderSort (0ms)
		DisableScriptedObjects (0ms)
		BackupInstance (0ms)
		ReleaseScriptingObjects (0ms)
		CreateAndSetChildDomain (1ms)
	RebuildCommonClasses (57ms)
	RebuildNativeTypeToScriptingClass (16ms)
	initialDomainReloadingComplete (1427ms)
	LoadAllAssembliesAndSetupDomain (198ms)
		LoadAssemblies (221ms)
		RebuildTransferFunctionScriptingTraits (0ms)
		AnalyzeDomain (194ms)
			TypeCache.Refresh (192ms)
				TypeCache.ScanAssembly (177ms)
			BuildScriptInfoCaches (0ms)
			ResolveRequiredComponents (0ms)
	FinalizeReload (967ms)
		ReleaseScriptCaches (0ms)
		RebuildScriptCaches (0ms)
		SetupLoadedEditorAssemblies (908ms)
			LogAssemblyErrors (0ms)
			InitializePlatformSupportModulesInManaged (505ms)
			SetLoadedEditorAssemblies (6ms)
			BeforeProcessingInitializeOnLoad (115ms)
			ProcessInitializeOnLoadAttributes (193ms)
			ProcessInitializeOnLoadMethodAttributes (88ms)
			AfterProcessingInitializeOnLoad (0ms)
			EditorAssembliesLoaded (0ms)
		ExecutionOrderSort2 (0ms)
		AwakeInstancesAfterBackupRestoration (0ms)
========================================================================
Worker process is ready to serve import requests
Import Worker Mode flag is 0x00
Begin MonoManager ReloadAssembly
[Licensing::Client] Successfully resolved entitlement details
- Loaded All Assemblies, in  1.115 seconds
Refreshing native plugins compatible for Editor in 11.30 ms, found 9 plugins.
Native extension for Android target not found
Native extension for WindowsStandalone target not found
Native extension for WebGL target not found
Package Manager log level set to [2]
[Package Manager] Failed to launch server process. Reason: Unity was launched with the -noUpm command-line argument
[Package Manager] Unable to send message (not connected to server process).
[Package Manager] Cannot connect to Unity Package Manager local server
Mono: successfully reloaded assembly
[Package Manager] Failed to launch server process. Reason: Unity was launched with the -noUpm command-line argument
[Package Manager] Unable to send message (not connected to server process).
[Package Manager] Cannot connect to Unity Package Manager local server
[Package Manager] Failed to launch server process. Reason: Unity was launched with the -noUpm command-line argument
[Package Manager] Unable to send message (not connected to server process).
[Package Manager] Cannot connect to Unity Package Manager local server
- Finished resetting the current domain, in  1.218 seconds
Domain Reload Profiling: 2327ms
	BeginReloadAssembly (205ms)
		ExecutionOrderSort (0ms)
		DisableScriptedObjects (7ms)
		BackupInstance (0ms)
		ReleaseScriptingObjects (0ms)
		CreateAndSetChildDomain (37ms)
	RebuildCommonClasses (45ms)
	RebuildNativeTypeToScriptingClass (15ms)
	initialDomainReloadingComplete (53ms)
	LoadAllAssembliesAndSetupDomain (791ms)
		LoadAssemblies (515ms)
		RebuildTransferFunctionScriptingTraits (0ms)
		AnalyzeDomain (388ms)
			TypeCache.Refresh (287ms)
				TypeCache.ScanAssembly (265ms)
			BuildScriptInfoCaches (79ms)
			ResolveRequiredComponents (16ms)
	FinalizeReload (1218ms)
		ReleaseScriptCaches (0ms)
		RebuildScriptCaches (0ms)
		SetupLoadedEditorAssemblies (917ms)
			LogAssemblyErrors (0ms)
			InitializePlatformSupportModulesInManaged (15ms)
			SetLoadedEditorAssemblies (6ms)
			BeforeProcessingInitializeOnLoad (223ms)
			ProcessInitializeOnLoadAttributes (530ms)
			ProcessInitializeOnLoadMethodAttributes (139ms)
			AfterProcessingInitializeOnLoad (5ms)
			EditorAssembliesLoaded (0ms)
		ExecutionOrderSort2 (0ms)
		AwakeInstancesAfterBackupRestoration (8ms)
Launched and connected shader compiler UnityShaderCompiler.exe after 0.02 seconds
Refreshing native plugins compatible for Editor in 9.38 ms, found 9 plugins.
Preloading 0 native plugins for Editor in 0.00 ms.
Unloading 13 Unused Serialized files (Serialized files now loaded: 0)
Unloading 7258 unused Assets / (5.4 MB). Loaded Objects now: 7974.
Memory consumption went from 140.2 MB to 134.8 MB.
Total: 12.686200 ms (FindLiveObjects: 0.796400 ms CreateObjectMapping: 0.515500 ms MarkObjects: 7.699200 ms  DeleteObjects: 3.673200 ms)

========================================================================
Received Import Request.
  Time since last request: 1070157.457481 seconds.
  path: Assets/move.cs
  artifactKey: Guid(87b2787737b7ae04b96080750217839e) Importer(2089858483,192608db42251d675da83286b1cce702)
Start importing Assets/move.cs using Guid(87b2787737b7ae04b96080750217839e) Importer(2089858483,192608db42251d675da83286b1cce702) (ScriptedImporter) -> (artifact id: 'db870435c9fb7ea4b935492fbf99bdb4') in 0.2751823 seconds
Number of updated asset objects reloaded before import = 0Number of asset objects unloaded after import = 0

========================================================================
Received Import Request.
  Time since last request: 0.000020 seconds.
  path: Assets/scri.cs
  artifactKey: Guid(5c8aee835cc63644aa1a8d7341cab394) Importer(2089858483,192608db42251d675da83286b1cce702)
Start importing Assets/scri.cs using Guid(5c8aee835cc63644aa1a8d7341cab394) Importer(2089858483,192608db42251d675da83286b1cce702) (ScriptedImporter) -> (artifact id: '5e0825701c51d9759e46af74637e0e85') in 0.0320483 seconds
Number of updated asset objects reloaded before import = 0Number of asset objects unloaded after import = 0

========================================================================
Received Import Request.
  Time since last request: 0.000026 seconds.
  path: Assets/Animated Hands/Models/l_hand_skeletal_lowres.fbx
  artifactKey: Guid(ca20b3907ff1c794cb89c1ad2cce8282) Importer(2089858483,192608db42251d675da83286b1cce702)
Start importing Assets/Animated Hands/Models/l_hand_skeletal_lowres.fbx using Guid(ca20b3907ff1c794cb89c1ad2cce8282) Importer(2089858483,192608db42251d675da83286b1cce702) (ScriptedImporter) -> (artifact id: 'd24a85eca96cbf79a89cba4e0de45f31') in 0.1033405 seconds
Number of updated asset objects reloaded before import = 0Number of asset objects unloaded after import = 63

========================================================================
Received Import Request.
  Time since last request: 0.000020 seconds.
  path: Assets/Scenes/tracktest.unity
  artifactKey: Guid(5775ed4f3d8682e4c860493fe360c641) Importer(2089858483,192608db42251d675da83286b1cce702)
Start importing Assets/Scenes/tracktest.unity using Guid(5775ed4f3d8682e4c860493fe360c641) Importer(2089858483,192608db42251d675da83286b1cce702) (ScriptedImporter) -> (artifact id: '6deb9a2f767f75fdd291cabaf3a3f3af') in 0.0270247 seconds
Number of updated asset objects reloaded before import = 0Number of asset objects unloaded after import = 1

========================================================================
Received Import Request.
  Time since last request: 0.000016 seconds.
  path: Assets/TDG Kiddy Rides/Materials/Blacktop.mat
  artifactKey: Guid(7b0cd8a37a1c2d445b04905718cf312e) Importer(2089858483,192608db42251d675da83286b1cce702)
Start importing Assets/TDG Kiddy Rides/Materials/Blacktop.mat using Guid(7b0cd8a37a1c2d445b04905718cf312e) Importer(2089858483,192608db42251d675da83286b1cce702) (ScriptedImporter) -> (artifact id: '657a80b36680d2a1d7441a0026e30f8f') in 0.0546584 seconds
Number of updated asset objects reloaded before import = 0Number of asset objects unloaded after import = 1

========================================================================
Received Import Request.
  Time since last request: 0.000019 seconds.
  path: Assets/TDG Kiddy Rides/Materials/Black.mat
  artifactKey: Guid(56274451d233d4c42bb232a555c77013) Importer(2089858483,192608db42251d675da83286b1cce702)
Start importing Assets/TDG Kiddy Rides/Materials/Black.mat using Guid(56274451d233d4c42bb232a555c77013) Importer(2089858483,192608db42251d675da83286b1cce702) (ScriptedImporter) -> (artifact id: '06b5eb0c8e25a7febf15f99da8010876') in 0.0579461 seconds
Number of updated asset objects reloaded before import = 0Number of asset objects unloaded after import = 1

========================================================================
Received Import Request.
  Time since last request: 0.000034 seconds.
  path: Assets/TDG Kiddy Rides/Prefabs/VendingMachine.prefab
  artifactKey: Guid(1062a88b3e5f7444d81475b3a19efe14) Importer(2089858483,192608db42251d675da83286b1cce702)
Start importing Assets/TDG Kiddy Rides/Prefabs/VendingMachine.prefab using Guid(1062a88b3e5f7444d81475b3a19efe14) Importer(2089858483,192608db42251d675da83286b1cce702) (ScriptedImporter) -> (artifact id: '3733040291c4a18db92cd6db51d4d87d') in 0.0671753 seconds
Number of updated asset objects reloaded before import = 0Number of asset objects unloaded after import = 19

========================================================================
Received Import Request.
  Time since last request: 0.000016 seconds.
  path: Assets/TDG Kiddy Rides/Materials/Purple.mat
  artifactKey: Guid(ca87bd9fd21f5e5419e30d85aea2e931) Importer(2089858483,192608db42251d675da83286b1cce702)
Start importing Assets/TDG Kiddy Rides/Materials/Purple.mat using Guid(ca87bd9fd21f5e5419e30d85aea2e931) Importer(2089858483,192608db42251d675da83286b1cce702) (ScriptedImporter) -> (artifact id: '9f96841522dd4adb8c50df56937ae4b2') in 0.0527513 seconds
Number of updated asset objects reloaded before import = 0Number of asset objects unloaded after import = 1

========================================================================
Received Import Request.
  Time since last request: 0.000018 seconds.
  path: Assets/TDG Kiddy Rides/Materials/Chrome.mat
  artifactKey: Guid(bc58e2c43b4a93b4baa6cb5fd2b81b58) Importer(2089858483,192608db42251d675da83286b1cce702)
Start importing Assets/TDG Kiddy Rides/Materials/Chrome.mat using Guid(bc58e2c43b4a93b4baa6cb5fd2b81b58) Importer(2089858483,192608db42251d675da83286b1cce702) (ScriptedImporter) -> (artifact id: '3c7acda4d123d9ac161bef27e97a3080') in 0.0505644 seconds
Number of updated asset objects reloaded before import = 0Number of asset objects unloaded after import = 1

========================================================================
Received Import Request.
  Time since last request: 0.000018 seconds.
  path: Assets/TDG Kiddy Rides/Scenes/DemoScene.unity
  artifactKey: Guid(02ea63c1fd3846442a76640bbda60313) Importer(2089858483,192608db42251d675da83286b1cce702)
Start importing Assets/TDG Kiddy Rides/Scenes/DemoScene.unity using Guid(02ea63c1fd3846442a76640bbda60313) Importer(2089858483,192608db42251d675da83286b1cce702) (ScriptedImporter) -> (artifact id: '9d8a30d42c6c03a1a3a8d37f8b7ef2b3') in 0.025049 seconds
Number of updated asset objects reloaded before import = 0Number of asset objects unloaded after import = 1

========================================================================
Received Import Request.
  Time since last request: 0.000029 seconds.
  path: Assets/track_pref/Track.prefab
  artifactKey: Guid(a971060c687d79e44a018a37a2db30ef) Importer(2089858483,192608db42251d675da83286b1cce702)
Start importing Assets/track_pref/Track.prefab using Guid(a971060c687d79e44a018a37a2db30ef) Importer(2089858483,192608db42251d675da83286b1cce702) (ScriptedImporter) -> (artifact id: 'd3cc573cf17de792066be717ffdc5f58') in 0.2902698 seconds
Number of updated asset objects reloaded before import = 0Number of asset objects unloaded after import = 1706

========================================================================
Received Import Request.
  Time since last request: 0.000034 seconds.
  path: Assets/CartoonTracksPack1/Track1/Textures/garages.psd
  artifactKey: Guid(2e327bf3b8820f240bbc80f95c4e2428) Importer(2089858483,192608db42251d675da83286b1cce702)
Start importing Assets/CartoonTracksPack1/Track1/Textures/garages.psd using Guid(2e327bf3b8820f240bbc80f95c4e2428) Importer(2089858483,192608db42251d675da83286b1cce702) (ScriptedImporter) -> (artifact id: 'b7006da0e5c85a474e2f88a0d1279cf5') in 0.3279158 seconds
Number of updated asset objects reloaded before import = 0Number of asset objects unloaded after import = 1

========================================================================
Received Import Request.
  Time since last request: 0.000030 seconds.
  path: Assets/TDG Kiddy Rides/Scripts/Rotation.cs
  artifactKey: Guid(95132ed34ae056a47b1f6475c75338c6) Importer(2089858483,192608db42251d675da83286b1cce702)
Start importing Assets/TDG Kiddy Rides/Scripts/Rotation.cs using Guid(95132ed34ae056a47b1f6475c75338c6) Importer(2089858483,192608db42251d675da83286b1cce702) (ScriptedImporter) -> (artifact id: 'f874a64c2be07f201781c130535a591f') in 0.0265709 seconds
Number of updated asset objects reloaded before import = 0Number of asset objects unloaded after import = 0

========================================================================
Received Import Request.
  Time since last request: 0.000030 seconds.
  path: Assets/CartoonTracksPack1/Track1/Physics Materials/Tyre.physicMaterial
  artifactKey: Guid(25bb2e7ca5061cf42b8bbe6f32ed2922) Importer(2089858483,192608db42251d675da83286b1cce702)
Start importing Assets/CartoonTracksPack1/Track1/Physics Materials/Tyre.physicMaterial using Guid(25bb2e7ca5061cf42b8bbe6f32ed2922) Importer(2089858483,192608db42251d675da83286b1cce702) (ScriptedImporter) -> (artifact id: '7fa7ce36ba0eff1f8030e27b9c936157') in 0.0723107 seconds
Number of updated asset objects reloaded before import = 0Number of asset objects unloaded after import = 1

========================================================================
Received Import Request.
  Time since last request: 0.000019 seconds.
  path: Assets/Settings/PC_Renderer.asset
  artifactKey: Guid(f288ae1f4751b564a96ac7587541f7a2) Importer(2089858483,192608db42251d675da83286b1cce702)
Start importing Assets/Settings/PC_Renderer.asset using Guid(f288ae1f4751b564a96ac7587541f7a2) Importer(2089858483,192608db42251d675da83286b1cce702) (ScriptedImporter) -> (artifact id: '0edcc45c42665ad4783e1b61a659d7a5') in 0.0860283 seconds
Number of updated asset objects reloaded before import = 0Number of asset objects unloaded after import = 1

========================================================================
Received Import Request.
  Time since last request: 0.000020 seconds.
  path: Assets/TDG Kiddy Rides/Materials/Textures/Plaster002_2K_Roughness.png
  artifactKey: Guid(81110c8d1fa51144ea05f2472eb27a84) Importer(2089858483,192608db42251d675da83286b1cce702)
Start importing Assets/TDG Kiddy Rides/Materials/Textures/Plaster002_2K_Roughness.png using Guid(81110c8d1fa51144ea05f2472eb27a84) Importer(2089858483,192608db42251d675da83286b1cce702) (ScriptedImporter) -> (artifact id: 'a644e171e8c6645ef38b579622883396') in 0.0416204 seconds
Number of updated asset objects reloaded before import = 0Number of asset objects unloaded after import = 1

========================================================================
Received Import Request.
  Time since last request: 0.000029 seconds.
  path: Assets/CartoonTracksPack1/Track1/Demo Scenes/complete_track_demo/LightingData.asset
  artifactKey: Guid(63f634afad578704db6adc7ee6689a01) Importer(2089858483,192608db42251d675da83286b1cce702)
Start importing Assets/CartoonTracksPack1/Track1/Demo Scenes/complete_track_demo/LightingData.asset using Guid(63f634afad578704db6adc7ee6689a01) Importer(2089858483,192608db42251d675da83286b1cce702) (ScriptedImporter) -> (artifact id: '5217818bd7e451b9b7e882209e387226') in 0.0614808 seconds
Number of updated asset objects reloaded before import = 0Number of asset objects unloaded after import = 2

========================================================================
Received Import Request.
  Time since last request: 0.000028 seconds.
  path: Assets/TDG Kiddy Rides/Materials/Textures/Plaster002_2K_NormalDX.png
  artifactKey: Guid(abc93a80a0355244eaaccc17dad5a612) Importer(2089858483,192608db42251d675da83286b1cce702)
Start importing Assets/TDG Kiddy Rides/Materials/Textures/Plaster002_2K_NormalDX.png using Guid(abc93a80a0355244eaaccc17dad5a612) Importer(2089858483,192608db42251d675da83286b1cce702) (ScriptedImporter) -> (artifact id: '1b9c335ac31688e600193aaab1c8d05f') in 0.0483585 seconds
Number of updated asset objects reloaded before import = 0Number of asset objects unloaded after import = 1

========================================================================
Received Import Request.
  Time since last request: 0.000027 seconds.
  path: Assets/CartoonTracksPack1/Track1/Meshes/Materials/BARRIER.mat
  artifactKey: Guid(0e65db2183b5ac74a973fc7ca41f8be6) Importer(2089858483,192608db42251d675da83286b1cce702)
Start importing Assets/CartoonTracksPack1/Track1/Meshes/Materials/BARRIER.mat using Guid(0e65db2183b5ac74a973fc7ca41f8be6) Importer(2089858483,192608db42251d675da83286b1cce702) (ScriptedImporter) -> (artifact id: 'f40226fd9d83d1d6d6e678de4175ec95') in 0.1272233 seconds
Number of updated asset objects reloaded before import = 0Number of asset objects unloaded after import = 3

========================================================================
Received Import Request.
  Time since last request: 0.000024 seconds.
  path: Assets/TDG Kiddy Rides/Materials/Textures/PartlyCloudySky.mat
  artifactKey: Guid(fc257de9c651fa54b80c4f3b0cad0e2c) Importer(2089858483,192608db42251d675da83286b1cce702)
Start importing Assets/TDG Kiddy Rides/Materials/Textures/PartlyCloudySky.mat using Guid(fc257de9c651fa54b80c4f3b0cad0e2c) Importer(2089858483,192608db42251d675da83286b1cce702) (ScriptedImporter) -> (artifact id: 'e4f2b3958296f73e91481dd4ced8b76a') in 0.0945638 seconds
Number of updated asset objects reloaded before import = 0Number of asset objects unloaded after import = 2

========================================================================
Received Import Request.
  Time since last request: 0.000033 seconds.
  path: Assets/CartoonTracksPack1/Track1/Meshes/Materials/ROAD_MARKS.mat
  artifactKey: Guid(2d71a638e4c372c46bfe0ee86bfbe4cd) Importer(2089858483,192608db42251d675da83286b1cce702)
Start importing Assets/CartoonTracksPack1/Track1/Meshes/Materials/ROAD_MARKS.mat using Guid(2d71a638e4c372c46bfe0ee86bfbe4cd) Importer(2089858483,192608db42251d675da83286b1cce702) (ScriptedImporter) -> (artifact id: 'a71e95ff9198143dbe0d35f38301a14d') in 0.0754403 seconds
Number of updated asset objects reloaded before import = 0Number of asset objects unloaded after import = 1

========================================================================
Received Import Request.
  Time since last request: 0.000027 seconds.
  path: Assets/CartoonTracksPack1/Track1/Meshes/Prefab_Meshes/prop_adbox_C.FBX
  artifactKey: Guid(584d2c4099982f34b8d019e656401324) Importer(2089858483,192608db42251d675da83286b1cce702)
Start importing Assets/CartoonTracksPack1/Track1/Meshes/Prefab_Meshes/prop_adbox_C.FBX using Guid(584d2c4099982f34b8d019e656401324) Importer(2089858483,192608db42251d675da83286b1cce702) (ScriptedImporter) -> (artifact id: '7b81bcc96c4fe07b369023ae35daeb6e') in 0.3622833 seconds
Number of updated asset objects reloaded before import = 0Number of asset objects unloaded after import = 10

========================================================================
Received Import Request.
  Time since last request: 0.000025 seconds.
  path: Assets/CartoonTracksPack1/Track1/Meshes/Materials/ROCK.mat
  artifactKey: Guid(d2cd32d0fe9ff2d45934f027f557869b) Importer(2089858483,192608db42251d675da83286b1cce702)
Start importing Assets/CartoonTracksPack1/Track1/Meshes/Materials/ROCK.mat using Guid(d2cd32d0fe9ff2d45934f027f557869b) Importer(2089858483,192608db42251d675da83286b1cce702) (ScriptedImporter) -> (artifact id: '5ba7aa5412c86119357e1d26eb123e3f') in 0.0939246 seconds
Number of updated asset objects reloaded before import = 0Number of asset objects unloaded after import = 2

========================================================================
Received Import Request.
  Time since last request: 0.000032 seconds.
  path: Assets/CartoonTracksPack1/Track1/Meshes/Prefab_Meshes/prop_banner_medium_C.FBX
  artifactKey: Guid(9f5a39b741347384fb64902d921833bc) Importer(2089858483,192608db42251d675da83286b1cce702)
Start importing Assets/CartoonTracksPack1/Track1/Meshes/Prefab_Meshes/prop_banner_medium_C.FBX using Guid(9f5a39b741347384fb64902d921833bc) Importer(2089858483,192608db42251d675da83286b1cce702) (ScriptedImporter) -> (artifact id: '9f27af16ff65a4d3297e566b0d06491a') in 0.1442141 seconds
Number of updated asset objects reloaded before import = 0Number of asset objects unloaded after import = 9

========================================================================
Received Import Request.
  Time since last request: 0.000029 seconds.
  path: Assets/TDG Kiddy Rides/Materials/PartlyCloudySky4k.exr
  artifactKey: Guid(33531548d7bd444499a42b79b3e7f61e) Importer(2089858483,192608db42251d675da83286b1cce702)
Start importing Assets/TDG Kiddy Rides/Materials/PartlyCloudySky4k.exr using Guid(33531548d7bd444499a42b79b3e7f61e) Importer(2089858483,192608db42251d675da83286b1cce702) (ScriptedImporter) -> (artifact id: 'b6be61d033bbf60358e753bfbbc3994b') in 0.0720381 seconds
Number of updated asset objects reloaded before import = 0Number of asset objects unloaded after import = 1

========================================================================
Received Import Request.
  Time since last request: 0.000022 seconds.
  path: Assets/TDG Kiddy Rides/Prefabs/Plane.prefab
  artifactKey: Guid(fce924291e70a354caa72f2986e4271f) Importer(2089858483,192608db42251d675da83286b1cce702)
Start importing Assets/TDG Kiddy Rides/Prefabs/Plane.prefab using Guid(fce924291e70a354caa72f2986e4271f) Importer(2089858483,192608db42251d675da83286b1cce702) (ScriptedImporter) -> (artifact id: '4b6b47bb4138a62673288d2a94220344') in 0.0376729 seconds
Number of updated asset objects reloaded before import = 0Number of asset objects unloaded after import = 33

========================================================================
Received Import Request.
  Time since last request: 0.000031 seconds.
  path: Assets/CartoonTracksPack1/Track1/Textures/metal_fence.psd
  artifactKey: Guid(aa8d667836d07af4395a226ace329e1d) Importer(2089858483,192608db42251d675da83286b1cce702)
Start importing Assets/CartoonTracksPack1/Track1/Textures/metal_fence.psd using Guid(aa8d667836d07af4395a226ace329e1d) Importer(2089858483,192608db42251d675da83286b1cce702) (ScriptedImporter) -> (artifact id: '079f8fdb46d67fd7a01898151029f7b2') in 0.0568409 seconds
Number of updated asset objects reloaded before import = 0Number of asset objects unloaded after import = 1

========================================================================
Received Import Request.
  Time since last request: 0.000018 seconds.
  path: Assets/CartoonTracksPack1/Track1/Demo Scenes/complete_track_demo.unity
  artifactKey: Guid(83760dd98fe89364daec0c8817772284) Importer(2089858483,192608db42251d675da83286b1cce702)
Start importing Assets/CartoonTracksPack1/Track1/Demo Scenes/complete_track_demo.unity using Guid(83760dd98fe89364daec0c8817772284) Importer(2089858483,192608db42251d675da83286b1cce702) (ScriptedImporter) -> (artifact id: 'f270b7a17378bb281b12dc76983b1a1a') in 0.0281427 seconds
Number of updated asset objects reloaded before import = 0Number of asset objects unloaded after import = 1

========================================================================
Received Import Request.
  Time since last request: 0.000016 seconds.
  path: Assets/CartoonTracksPack1/Track1/Meshes/Prefab_Meshes/prop_exitlights.FBX
  artifactKey: Guid(7edb15b750fc5914a9c8ee19b18b5137) Importer(2089858483,192608db42251d675da83286b1cce702)
Start importing Assets/CartoonTracksPack1/Track1/Meshes/Prefab_Meshes/prop_exitlights.FBX using Guid(7edb15b750fc5914a9c8ee19b18b5137) Importer(2089858483,192608db42251d675da83286b1cce702) (ScriptedImporter) -> (artifact id: '7f776e54f2be08905913e8132cf7b4a1') in 0.1098677 seconds
Number of updated asset objects reloaded before import = 0Number of asset objects unloaded after import = 15

========================================================================
Received Import Request.
  Time since last request: 0.000026 seconds.
  path: Assets/CartoonTracksPack1/Track1/Meshes/Prefab_Meshes/prop_banner_www_A.FBX
  artifactKey: Guid(b46b48af8dd3b85429f851a2aeb6c55e) Importer(2089858483,192608db42251d675da83286b1cce702)
Start importing Assets/CartoonTracksPack1/Track1/Meshes/Prefab_Meshes/prop_banner_www_A.FBX using Guid(b46b48af8dd3b85429f851a2aeb6c55e) Importer(2089858483,192608db42251d675da83286b1cce702) (ScriptedImporter) -> (artifact id: 'd03b2b40cbd17ddbb88e2b154bd203e3') in 0.117113 seconds
Number of updated asset objects reloaded before import = 0Number of asset objects unloaded after import = 9

========================================================================
Received Import Request.
  Time since last request: 0.000031 seconds.
  path: Assets/CartoonTracksPack1/Track1/Textures/gravel.psd
  artifactKey: Guid(34e0b7cb7c92100429e74ee21fd6cc8f) Importer(2089858483,192608db42251d675da83286b1cce702)
Start importing Assets/CartoonTracksPack1/Track1/Textures/gravel.psd using Guid(34e0b7cb7c92100429e74ee21fd6cc8f) Importer(2089858483,192608db42251d675da83286b1cce702) (ScriptedImporter) -> (artifact id: '06814e510250254e53b0216066d36f38') in 0.06712 seconds
Number of updated asset objects reloaded before import = 0Number of asset objects unloaded after import = 1

========================================================================
Received Import Request.
  Time since last request: 0.000017 seconds.
  path: Assets/CartoonTracksPack1/Track1/Meshes/Materials/TYRES.mat
  artifactKey: Guid(2ff9da5d823d0a3469b61591d4103e18) Importer(2089858483,192608db42251d675da83286b1cce702)
Start importing Assets/CartoonTracksPack1/Track1/Meshes/Materials/TYRES.mat using Guid(2ff9da5d823d0a3469b61591d4103e18) Importer(2089858483,192608db42251d675da83286b1cce702) (ScriptedImporter) -> (artifact id: '5d2b9b39577ea5dd0808c78f8a085fc4') in 0.0634601 seconds
Number of updated asset objects reloaded before import = 0Number of asset objects unloaded after import = 3

========================================================================
Received Import Request.
  Time since last request: 0.000030 seconds.
  path: Assets/Animated Hands/Materials/Hands_solid.mat
  artifactKey: Guid(3637b758ff163493f8bb8b6d7e96d7ae) Importer(2089858483,192608db42251d675da83286b1cce702)
Start importing Assets/Animated Hands/Materials/Hands_solid.mat using Guid(3637b758ff163493f8bb8b6d7e96d7ae) Importer(2089858483,192608db42251d675da83286b1cce702) (ScriptedImporter) -> (artifact id: '3f3d896a9d7d44cb41de1af203780f7a') in 0.030361 seconds
Number of updated asset objects reloaded before import = 0Number of asset objects unloaded after import = 2

========================================================================
Received Import Request.
  Time since last request: 0.000016 seconds.
  path: Assets/TDG Kiddy Rides/Models/VendingMachine.fbx
  artifactKey: Guid(82e887a4e220c554abbb1202f46b3289) Importer(2089858483,192608db42251d675da83286b1cce702)
Start importing Assets/TDG Kiddy Rides/Models/VendingMachine.fbx using Guid(82e887a4e220c554abbb1202f46b3289) Importer(2089858483,192608db42251d675da83286b1cce702) (ScriptedImporter) -> (artifact id: 'fa04e8cf48e84406f38b17741b78b912') in 0.0473346 seconds
Number of updated asset objects reloaded before import = 0Number of asset objects unloaded after import = 27

========================================================================
Received Import Request.
  Time since last request: 0.000029 seconds.
  path: Assets/TDG Kiddy Rides/Models/Poster1.fbx
  artifactKey: Guid(f9917001b70b1de43aa2e63c1b30ed26) Importer(2089858483,192608db42251d675da83286b1cce702)
Start importing Assets/TDG Kiddy Rides/Models/Poster1.fbx using Guid(f9917001b70b1de43aa2e63c1b30ed26) Importer(2089858483,192608db42251d675da83286b1cce702) (ScriptedImporter) -> (artifact id: 'de326bba2ce079dffb251c76902aa9c2') in 0.0393407 seconds
Number of updated asset objects reloaded before import = 0Number of asset objects unloaded after import = 9

========================================================================
Received Import Request.
  Time since last request: 0.000020 seconds.
  path: Assets/CartoonTracksPack1/Track1/Meshes/Prefab_Meshes/prop_paddock.FBX
  artifactKey: Guid(acba828506403cf4483fb59dfa3e3695) Importer(2089858483,192608db42251d675da83286b1cce702)
Start importing Assets/CartoonTracksPack1/Track1/Meshes/Prefab_Meshes/prop_paddock.FBX using Guid(acba828506403cf4483fb59dfa3e3695) Importer(2089858483,192608db42251d675da83286b1cce702) (ScriptedImporter) -> (artifact id: 'cc5e132b51cb73397c50fdb3d304df07') in 0.1104277 seconds
Number of updated asset objects reloaded before import = 0Number of asset objects unloaded after import = 29

========================================================================
Received Import Request.
  Time since last request: 0.000019 seconds.
  path: Assets/CartoonTracksPack1/Track1/Meshes/Prefab_Meshes/prop_seats_small.FBX
  artifactKey: Guid(ced37f482f4e97f43b934ec6f4aaa2b0) Importer(2089858483,192608db42251d675da83286b1cce702)
Start importing Assets/CartoonTracksPack1/Track1/Meshes/Prefab_Meshes/prop_seats_small.FBX using Guid(ced37f482f4e97f43b934ec6f4aaa2b0) Importer(2089858483,192608db42251d675da83286b1cce702) (ScriptedImporter) -> (artifact id: '01d6e6c669ec3fb3b16e11c83bd1e7e3') in 0.122833 seconds
Number of updated asset objects reloaded before import = 0Number of asset objects unloaded after import = 9

========================================================================
Received Import Request.
  Time since last request: 0.000047 seconds.
  path: Assets/CartoonTracksPack1/Track1/Meshes/Materials/BALOONS.mat
  artifactKey: Guid(00401932eb16a164d8c8cf5024c81370) Importer(2089858483,192608db42251d675da83286b1cce702)
Start importing Assets/CartoonTracksPack1/Track1/Meshes/Materials/BALOONS.mat using Guid(00401932eb16a164d8c8cf5024c81370) Importer(2089858483,192608db42251d675da83286b1cce702) (ScriptedImporter) -> (artifact id: 'b4b8a80639d536f9370e6a986a8687db') in 0.0631505 seconds
Number of updated asset objects reloaded before import = 0Number of asset objects unloaded after import = 2

========================================================================
Received Import Request.
  Time since last request: 0.000022 seconds.
  path: Assets/Materiale/New Material.mat
  artifactKey: Guid(afdd507f14d2d3942ae2a81da3d834e3) Importer(2089858483,192608db42251d675da83286b1cce702)
Start importing Assets/Materiale/New Material.mat using Guid(afdd507f14d2d3942ae2a81da3d834e3) Importer(2089858483,192608db42251d675da83286b1cce702) (ScriptedImporter) -> (artifact id: 'ce6958f0afd7614452bf2e69280ff3d2') in 0.0604017 seconds
Number of updated asset objects reloaded before import = 0Number of asset objects unloaded after import = 1

========================================================================
Received Import Request.
  Time since last request: 0.000018 seconds.
  path: Assets/CartoonTracksPack1/Track1/Meshes/Prefab_Meshes/prop_barrier_1M.FBX
  artifactKey: Guid(c7d713d0bc80df64f8623efbc82f2bfd) Importer(2089858483,192608db42251d675da83286b1cce702)
Start importing Assets/CartoonTracksPack1/Track1/Meshes/Prefab_Meshes/prop_barrier_1M.FBX using Guid(c7d713d0bc80df64f8623efbc82f2bfd) Importer(2089858483,192608db42251d675da83286b1cce702) (ScriptedImporter) -> (artifact id: '89b52ec391af1b671d1968d05778aaee') in 0.0612548 seconds
Number of updated asset objects reloaded before import = 0Number of asset objects unloaded after import = 9

========================================================================
Received Import Request.
  Time since last request: 0.000027 seconds.
  path: Assets/CartoonTracksPack1/Track1/Meshes/Prefab_Meshes/prop_team_8.FBX
  artifactKey: Guid(f463dc23b3d432248afe7e7c97ccd6ad) Importer(2089858483,192608db42251d675da83286b1cce702)
Start importing Assets/CartoonTracksPack1/Track1/Meshes/Prefab_Meshes/prop_team_8.FBX using Guid(f463dc23b3d432248afe7e7c97ccd6ad) Importer(2089858483,192608db42251d675da83286b1cce702) (ScriptedImporter) -> (artifact id: '48743eb83f742fda43aca1221673c298') in 0.107966 seconds
Number of updated asset objects reloaded before import = 0Number of asset objects unloaded after import = 9

========================================================================
Received Import Request.
  Time since last request: 0.000023 seconds.
  path: Assets/CartoonTracksPack1/Track1/Meshes/Prefab_Meshes/prop_wall_C.FBX
  artifactKey: Guid(343b530737788ff4ebccfa59534a7c2b) Importer(2089858483,192608db42251d675da83286b1cce702)
Start importing Assets/CartoonTracksPack1/Track1/Meshes/Prefab_Meshes/prop_wall_C.FBX using Guid(343b530737788ff4ebccfa59534a7c2b) Importer(2089858483,192608db42251d675da83286b1cce702) (ScriptedImporter) -> (artifact id: '4cc71ec413751fcd697a25579a020faa') in 0.1192015 seconds
Number of updated asset objects reloaded before import = 0Number of asset objects unloaded after import = 16

========================================================================
Received Import Request.
  Time since last request: 0.000058 seconds.
  path: Assets/CartoonTracksPack1/Track1/Meshes/Prefab_Meshes/prop_wall_E.FBX
  artifactKey: Guid(8c56f4626c3e2794eb8894ad6f137c79) Importer(2089858483,192608db42251d675da83286b1cce702)
Start importing Assets/CartoonTracksPack1/Track1/Meshes/Prefab_Meshes/prop_wall_E.FBX using Guid(8c56f4626c3e2794eb8894ad6f137c79) Importer(2089858483,192608db42251d675da83286b1cce702) (ScriptedImporter) -> (artifact id: '0d541229d5ebf465964067b10e0563e9') in 0.1215956 seconds
Number of updated asset objects reloaded before import = 0Number of asset objects unloaded after import = 9

========================================================================
Received Import Request.
  Time since last request: 0.000044 seconds.
  path: Assets/CartoonTracksPack1/Track1/Meshes/Materials/TREES.mat
  artifactKey: Guid(6c9add16078538c469efa51ad44d8d7f) Importer(2089858483,192608db42251d675da83286b1cce702)
Start importing Assets/CartoonTracksPack1/Track1/Meshes/Materials/TREES.mat using Guid(6c9add16078538c469efa51ad44d8d7f) Importer(2089858483,192608db42251d675da83286b1cce702) (ScriptedImporter) -> (artifact id: 'd5497ab34b14a9c0fb26815556528b5b') in 0.0579732 seconds
Number of updated asset objects reloaded before import = 0Number of asset objects unloaded after import = 2

========================================================================
Received Import Request.
  Time since last request: 0.000023 seconds.
  path: Assets/CartoonTracksPack1/Track1/Meshes/Prefab_Meshes/prop_distance_2.FBX
  artifactKey: Guid(eeb82c9ba19c7a04fad7cceb4801709e) Importer(2089858483,192608db42251d675da83286b1cce702)
Start importing Assets/CartoonTracksPack1/Track1/Meshes/Prefab_Meshes/prop_distance_2.FBX using Guid(eeb82c9ba19c7a04fad7cceb4801709e) Importer(2089858483,192608db42251d675da83286b1cce702) (ScriptedImporter) -> (artifact id: '3e0d2b333f46fdb05d1f15bcb09ea3ed') in 0.1128346 seconds
Number of updated asset objects reloaded before import = 0Number of asset objects unloaded after import = 9

========================================================================
Received Import Request.
  Time since last request: 0.000036 seconds.
  path: Assets/CartoonTracksPack1/Track1/Prefabs/Props/prop_startline.prefab
  artifactKey: Guid(0ac7649b22d33864c9cf79c3ba4b3456) Importer(2089858483,192608db42251d675da83286b1cce702)
Start importing Assets/CartoonTracksPack1/Track1/Prefabs/Props/prop_startline.prefab using Guid(0ac7649b22d33864c9cf79c3ba4b3456) Importer(2089858483,192608db42251d675da83286b1cce702) (ScriptedImporter) -> (artifact id: 'f41dcb3db7ffa59dca6b4537c073b238') in 0.0594423 seconds
Number of updated asset objects reloaded before import = 0Number of asset objects unloaded after import = 8

========================================================================
Received Import Request.
  Time since last request: 0.000032 seconds.
  path: Assets/CartoonTracksPack1/Track1/Prefabs/Props/prop_cone.prefab
  artifactKey: Guid(f863c92e4102c904da932b0a140c4ab2) Importer(2089858483,192608db42251d675da83286b1cce702)
Start importing Assets/CartoonTracksPack1/Track1/Prefabs/Props/prop_cone.prefab using Guid(f863c92e4102c904da932b0a140c4ab2) Importer(2089858483,192608db42251d675da83286b1cce702) (ScriptedImporter) -> (artifact id: '96c8bbe2c4922e11e756a579da18dba0') in 0.0743912 seconds
Number of updated asset objects reloaded before import = 0Number of asset objects unloaded after import = 8

========================================================================
Received Import Request.
  Time since last request: 0.000017 seconds.
  path: Assets/CartoonTracksPack1/Track1/Prefabs/Props/prop_tower.prefab
  artifactKey: Guid(30fda46e5e8ed044288116c517920c3f) Importer(2089858483,192608db42251d675da83286b1cce702)
Start importing Assets/CartoonTracksPack1/Track1/Prefabs/Props/prop_tower.prefab using Guid(30fda46e5e8ed044288116c517920c3f) Importer(2089858483,192608db42251d675da83286b1cce702) (ScriptedImporter) -> (artifact id: 'a12478fdf12befedb77573fe7d584f35') in 0.0471544 seconds
Number of updated asset objects reloaded before import = 0Number of asset objects unloaded after import = 8

========================================================================
Received Import Request.
  Time since last request: 0.000021 seconds.
  path: Assets/CartoonTracksPack1/Track1/Prefabs/Props/prop_paddock.prefab
  artifactKey: Guid(6bbb2abdadcd9244cb2d28e25582ca2c) Importer(2089858483,192608db42251d675da83286b1cce702)
Start importing Assets/CartoonTracksPack1/Track1/Prefabs/Props/prop_paddock.prefab using Guid(6bbb2abdadcd9244cb2d28e25582ca2c) Importer(2089858483,192608db42251d675da83286b1cce702) (ScriptedImporter) -> (artifact id: 'fd305e547c1ded91ed70a82c844dc658') in 0.0478704 seconds
Number of updated asset objects reloaded before import = 0Number of asset objects unloaded after import = 28

========================================================================
Received Import Request.
  Time since last request: 0.000028 seconds.
  path: Assets/CartoonTracksPack1/Track1/Meshes/Prefab_Meshes/prop_team_14.FBX
  artifactKey: Guid(474fe8acd390f55468d8d3b072075d68) Importer(2089858483,192608db42251d675da83286b1cce702)
Start importing Assets/CartoonTracksPack1/Track1/Meshes/Prefab_Meshes/prop_team_14.FBX using Guid(474fe8acd390f55468d8d3b072075d68) Importer(2089858483,192608db42251d675da83286b1cce702) (ScriptedImporter) -> (artifact id: '58df338ad8ef1ac4171c7564bfda56ad') in 0.1061342 seconds
Number of updated asset objects reloaded before import = 0Number of asset objects unloaded after import = 9

========================================================================
Received Import Request.
  Time since last request: 0.000024 seconds.
  path: Assets/CartoonTracksPack1/Track1/Meshes/Prefab_Meshes/prop_tent.FBX
  artifactKey: Guid(6b4f547c50a13834c945db5b543988a4) Importer(2089858483,192608db42251d675da83286b1cce702)
Start importing Assets/CartoonTracksPack1/Track1/Meshes/Prefab_Meshes/prop_tent.FBX using Guid(6b4f547c50a13834c945db5b543988a4) Importer(2089858483,192608db42251d675da83286b1cce702) (ScriptedImporter) -> (artifact id: '106859ca8c22f0c4f80de72e6704f7d6') in 0.0927969 seconds
Number of updated asset objects reloaded before import = 0Number of asset objects unloaded after import = 9

========================================================================
Received Import Request.
  Time since last request: 0.000019 seconds.
  path: Assets/CartoonTracksPack1/Track1/Prefabs/Track/oval_mod_barriers.prefab
  artifactKey: Guid(32d5690c9db90e740bddd052e48efc2e) Importer(2089858483,192608db42251d675da83286b1cce702)
Start importing Assets/CartoonTracksPack1/Track1/Prefabs/Track/oval_mod_barriers.prefab using Guid(32d5690c9db90e740bddd052e48efc2e) Importer(2089858483,192608db42251d675da83286b1cce702) (ScriptedImporter) -> (artifact id: 'f10198ad85b2c7a7c5379cbbe1fc580c') in 0.0442295 seconds
Number of updated asset objects reloaded before import = 0Number of asset objects unloaded after import = 44

========================================================================
Received Import Request.
  Time since last request: 0.000027 seconds.
  path: Assets/CartoonTracksPack1/Track1/Prefabs/Track/oval_mod_pitwall.prefab
  artifactKey: Guid(2953943eb6ab8e24081b12ab3f22a4b3) Importer(2089858483,192608db42251d675da83286b1cce702)
Start importing Assets/CartoonTracksPack1/Track1/Prefabs/Track/oval_mod_pitwall.prefab using Guid(2953943eb6ab8e24081b12ab3f22a4b3) Importer(2089858483,192608db42251d675da83286b1cce702) (ScriptedImporter) -> (artifact id: '0270034fb899ef3907feb93210af0d88') in 0.0419135 seconds
Number of updated asset objects reloaded before import = 0Number of asset objects unloaded after import = 8

========================================================================
Received Import Request.
  Time since last request: 0.000017 seconds.
  path: Assets/Samples/XR Interaction Toolkit/3.2.2/Starter Assets/XRI Default Input Actions.inputactions
  artifactKey: Guid(c348712bda248c246b8c49b3db54643f) Importer(2089858483,192608db42251d675da83286b1cce702)
Start importing Assets/Samples/XR Interaction Toolkit/3.2.2/Starter Assets/XRI Default Input Actions.inputactions using Guid(c348712bda248c246b8c49b3db54643f) Importer(2089858483,192608db42251d675da83286b1cce702) (ScriptedImporter) -> (artifact id: 'c1f6e9ba5bf0e3b0c78e89fca812bce3') in 0.3604955 seconds
Number of updated asset objects reloaded before import = 0Number of asset objects unloaded after import = 95

========================================================================
Received Import Request.
  Time since last request: 0.000020 seconds.
  path: Assets/CartoonTracksPack1/Track1/Meshes/Prefab_Meshes/prop_tree_A.FBX
  artifactKey: Guid(0e9139f6752db97468f2cf697bfd146f) Importer(2089858483,192608db42251d675da83286b1cce702)
Start importing Assets/CartoonTracksPack1/Track1/Meshes/Prefab_Meshes/prop_tree_A.FBX using Guid(0e9139f6752db97468f2cf697bfd146f) Importer(2089858483,192608db42251d675da83286b1cce702) (ScriptedImporter) -> (artifact id: '51b5769d5e3a9d2eaabec37f076bcffe') in 0.0683586 seconds
Number of updated asset objects reloaded before import = 0Number of asset objects unloaded after import = 9

========================================================================
Received Import Request.
  Time since last request: 0.000037 seconds.
  path: Assets/CartoonTracksPack1/Track1/Meshes/Track_Meshes/OvalModular/oval_mod_startlights.FBX
  artifactKey: Guid(f44081eb2ff29c24d8e610a7eda002e4) Importer(2089858483,192608db42251d675da83286b1cce702)
Start importing Assets/CartoonTracksPack1/Track1/Meshes/Track_Meshes/OvalModular/oval_mod_startlights.FBX using Guid(f44081eb2ff29c24d8e610a7eda002e4) Importer(2089858483,192608db42251d675da83286b1cce702) (ScriptedImporter) -> (artifact id: 'f343c2a986362756964723ca243968ff') in 0.1013231 seconds
Number of updated asset objects reloaded before import = 0Number of asset objects unloaded after import = 47

========================================================================
Received Import Request.
  Time since last request: 0.000031 seconds.
  path: Assets/CartoonTracksPack1/Track1/Prefabs/Props/Baloons/prop_baloon_E.prefab
  artifactKey: Guid(9646fa6ed5e4cef4b8ab69fd8bc12f72) Importer(2089858483,192608db42251d675da83286b1cce702)
Start importing Assets/CartoonTracksPack1/Track1/Prefabs/Props/Baloons/prop_baloon_E.prefab using Guid(9646fa6ed5e4cef4b8ab69fd8bc12f72) Importer(2089858483,192608db42251d675da83286b1cce702) (ScriptedImporter) -> (artifact id: 'af4d70b09e702ec89b06c597609512be') in 0.0482471 seconds
Number of updated asset objects reloaded before import = 0Number of asset objects unloaded after import = 8

========================================================================
Received Import Request.
  Time since last request: 0.000045 seconds.
  path: Assets/CartoonTracksPack1/Track1/Meshes/Track_Meshes/OvalModular/oval_mod_pitwall.FBX
  artifactKey: Guid(7cf44a9382ee6364096e538d816cc4cc) Importer(2089858483,192608db42251d675da83286b1cce702)
Start importing Assets/CartoonTracksPack1/Track1/Meshes/Track_Meshes/OvalModular/oval_mod_pitwall.FBX using Guid(7cf44a9382ee6364096e538d816cc4cc) Importer(2089858483,192608db42251d675da83286b1cce702) (ScriptedImporter) -> (artifact id: '3b4c3f6a9419dc7ff1a3d6a4c223351f') in 0.1189347 seconds
Number of updated asset objects reloaded before import = 0Number of asset objects unloaded after import = 9

========================================================================
Received Import Request.
  Time since last request: 0.000053 seconds.
  path: Assets/CartoonTracksPack1/Track1/Prefabs/Props/Baloons/prop_baloon_B.prefab
  artifactKey: Guid(edd3c9ff092f11e4baaa95defb9a257f) Importer(2089858483,192608db42251d675da83286b1cce702)
Start importing Assets/CartoonTracksPack1/Track1/Prefabs/Props/Baloons/prop_baloon_B.prefab using Guid(edd3c9ff092f11e4baaa95defb9a257f) Importer(2089858483,192608db42251d675da83286b1cce702) (ScriptedImporter) -> (artifact id: '6a77a2bcacc8b5710a2a7e65f07f69fc') in 0.0772809 seconds
Number of updated asset objects reloaded before import = 0Number of asset objects unloaded after import = 8

========================================================================
Received Import Request.
  Time since last request: 0.000022 seconds.
  path: Assets/CartoonTracksPack1/Track1/Prefabs/Props/prop_seats_big.prefab
  artifactKey: Guid(5c111ab03fe42ee4b94566bd46ed2fc7) Importer(2089858483,192608db42251d675da83286b1cce702)
Start importing Assets/CartoonTracksPack1/Track1/Prefabs/Props/prop_seats_big.prefab using Guid(5c111ab03fe42ee4b94566bd46ed2fc7) Importer(2089858483,192608db42251d675da83286b1cce702) (ScriptedImporter) -> (artifact id: 'bea841ff3b14903f6d863703a38acade') in 0.0750944 seconds
Number of updated asset objects reloaded before import = 0Number of asset objects unloaded after import = 8

========================================================================
Received Import Request.
  Time since last request: 0.000022 seconds.
  path: Assets/CartoonTracksPack1/Track1/Prefabs/Props/Barriers/prop_barrier_2M.prefab
  artifactKey: Guid(808e1826575c4c14b9c27c0a6c1c5dd3) Importer(2089858483,192608db42251d675da83286b1cce702)
Start importing Assets/CartoonTracksPack1/Track1/Prefabs/Props/Barriers/prop_barrier_2M.prefab using Guid(808e1826575c4c14b9c27c0a6c1c5dd3) Importer(2089858483,192608db42251d675da83286b1cce702) (ScriptedImporter) -> (artifact id: '75b086d8942808b54780cdcaa67f335d') in 0.0565156 seconds
Number of updated asset objects reloaded before import = 0Number of asset objects unloaded after import = 8

========================================================================
Received Import Request.
  Time since last request: 0.000030 seconds.
  path: Assets/CartoonTracksPack1/Track1/Prefabs/Props/Baloons/prop_baloon_F.prefab
  artifactKey: Guid(8fafc21f40d96fa46ae157a11f9f91c9) Importer(2089858483,192608db42251d675da83286b1cce702)
Start importing Assets/CartoonTracksPack1/Track1/Prefabs/Props/Baloons/prop_baloon_F.prefab using Guid(8fafc21f40d96fa46ae157a11f9f91c9) Importer(2089858483,192608db42251d675da83286b1cce702) (ScriptedImporter) -> (artifact id: '112dcdc4d96e8d8b1bfcd006d4d4107a') in 0.0625524 seconds
Number of updated asset objects reloaded before import = 0Number of asset objects unloaded after import = 8

========================================================================
Received Import Request.
  Time since last request: 0.000020 seconds.
  path: Assets/CartoonTracksPack1/Track1/Prefabs/Props/Banners/prop_adbox_B.prefab
  artifactKey: Guid(58a4b793145ffab42b6d4c693d4684e1) Importer(2089858483,192608db42251d675da83286b1cce702)
Start importing Assets/CartoonTracksPack1/Track1/Prefabs/Props/Banners/prop_adbox_B.prefab using Guid(58a4b793145ffab42b6d4c693d4684e1) Importer(2089858483,192608db42251d675da83286b1cce702) (ScriptedImporter) -> (artifact id: 'dd5abe17836e5db0c6d1f3f850bef91b') in 0.0476039 seconds
Number of updated asset objects reloaded before import = 0Number of asset objects unloaded after import = 9

========================================================================
Received Import Request.
  Time since last request: 0.000018 seconds.
  path: Assets/CartoonTracksPack1/Track1/Prefabs/Props/Baloons/prop_baloon_J.prefab
  artifactKey: Guid(08c868a5aad294a46b4543e325f03eb2) Importer(2089858483,192608db42251d675da83286b1cce702)
Start importing Assets/CartoonTracksPack1/Track1/Prefabs/Props/Baloons/prop_baloon_J.prefab using Guid(08c868a5aad294a46b4543e325f03eb2) Importer(2089858483,192608db42251d675da83286b1cce702) (ScriptedImporter) -> (artifact id: 'ef6316271517ee3465df1c54ef3fca5e') in 0.0826768 seconds
Number of updated asset objects reloaded before import = 0Number of asset objects unloaded after import = 8

========================================================================
Received Import Request.
  Time since last request: 0.000022 seconds.
  path: Assets/TDG Kiddy Rides/Animations/Plane.anim
  artifactKey: Guid(02174f2b848ee7541980602a31aca1f7) Importer(2089858483,192608db42251d675da83286b1cce702)
Start importing Assets/TDG Kiddy Rides/Animations/Plane.anim using Guid(02174f2b848ee7541980602a31aca1f7) Importer(2089858483,192608db42251d675da83286b1cce702) (ScriptedImporter) -> (artifact id: 'e5f78c8a789619a4d6deda3a2000aafc') in 0.0297003 seconds
Number of updated asset objects reloaded before import = 0Number of asset objects unloaded after import = 1

========================================================================
Received Import Request.
  Time since last request: 0.000027 seconds.
  path: Assets/CartoonTracksPack1/Track1/Meshes/Prefab_Meshes/prop_arrow_short.FBX
  artifactKey: Guid(aa4c40250f6fe37488308808e9c759ac) Importer(2089858483,192608db42251d675da83286b1cce702)
Start importing Assets/CartoonTracksPack1/Track1/Meshes/Prefab_Meshes/prop_arrow_short.FBX using Guid(aa4c40250f6fe37488308808e9c759ac) Importer(2089858483,192608db42251d675da83286b1cce702) (ScriptedImporter) -> (artifact id: '910eeac3b09b5156adb721548c26ef48') in 0.1204982 seconds
Number of updated asset objects reloaded before import = 0Number of asset objects unloaded after import = 9

========================================================================
Received Import Request.
  Time since last request: 0.000023 seconds.
  path: Assets/CartoonTracksPack1/Track1/Prefabs/Props/Team Signs/prop_team_3.prefab
  artifactKey: Guid(adcc315f3b671a54db7647c3002c9e80) Importer(2089858483,192608db42251d675da83286b1cce702)
Start importing Assets/CartoonTracksPack1/Track1/Prefabs/Props/Team Signs/prop_team_3.prefab using Guid(adcc315f3b671a54db7647c3002c9e80) Importer(2089858483,192608db42251d675da83286b1cce702) (ScriptedImporter) -> (artifact id: '082d82dad519c360fe747285baa362bf') in 0.0591387 seconds
Number of updated asset objects reloaded before import = 0Number of asset objects unloaded after import = 8

========================================================================
Received Import Request.
  Time since last request: 0.000023 seconds.
  path: Assets/CartoonTracksPack1/Track1/Prefabs/Props/Team Signs/prop_team_9.prefab
  artifactKey: Guid(ac1796265640f6d49b1dbdb62d476c00) Importer(2089858483,192608db42251d675da83286b1cce702)
Start importing Assets/CartoonTracksPack1/Track1/Prefabs/Props/Team Signs/prop_team_9.prefab using Guid(ac1796265640f6d49b1dbdb62d476c00) Importer(2089858483,192608db42251d675da83286b1cce702) (ScriptedImporter) -> (artifact id: 'a5a2d2a7edd9ea83da62248a87820168') in 0.0549529 seconds
Number of updated asset objects reloaded before import = 0Number of asset objects unloaded after import = 8

========================================================================
Received Import Request.
  Time since last request: 0.000023 seconds.
  path: Assets/CartoonTracksPack1/Track1/Prefabs/Props/Trees/prop_tree_B.prefab
  artifactKey: Guid(8ccbdfea1e438c74a826fc801a40c19a) Importer(2089858483,192608db42251d675da83286b1cce702)
Start importing Assets/CartoonTracksPack1/Track1/Prefabs/Props/Trees/prop_tree_B.prefab using Guid(8ccbdfea1e438c74a826fc801a40c19a) Importer(2089858483,192608db42251d675da83286b1cce702) (ScriptedImporter) -> (artifact id: '270be185c036eeee467328540c23d5b6') in 0.0645735 seconds
Number of updated asset objects reloaded before import = 0Number of asset objects unloaded after import = 8

========================================================================
Received Import Request.
  Time since last request: 0.000017 seconds.
  path: Assets/CartoonTracksPack1/Track1/Prefabs/Props/Team Signs/prop_team_6.prefab
  artifactKey: Guid(b0569cf47df75344fa5077c2ac626483) Importer(2089858483,192608db42251d675da83286b1cce702)
Start importing Assets/CartoonTracksPack1/Track1/Prefabs/Props/Team Signs/prop_team_6.prefab using Guid(b0569cf47df75344fa5077c2ac626483) Importer(2089858483,192608db42251d675da83286b1cce702) (ScriptedImporter) -> (artifact id: '6916e0952b7f020a3551fd96faaf57f1') in 0.0396018 seconds
Number of updated asset objects reloaded before import = 0Number of asset objects unloaded after import = 8

========================================================================
Received Import Request.
  Time since last request: 0.000017 seconds.
  path: Assets/CartoonTracksPack1/Track1/Prefabs/Props/Team Signs/prop_team_17.prefab
  artifactKey: Guid(177bf98dc5b13ae43bcbee879ccdaed8) Importer(2089858483,192608db42251d675da83286b1cce702)
Start importing Assets/CartoonTracksPack1/Track1/Prefabs/Props/Team Signs/prop_team_17.prefab using Guid(177bf98dc5b13ae43bcbee879ccdaed8) Importer(2089858483,192608db42251d675da83286b1cce702) (ScriptedImporter) -> (artifact id: '9787ad300f6681112c816130d67c7c88') in 0.0577047 seconds
Number of updated asset objects reloaded before import = 0Number of asset objects unloaded after import = 8

========================================================================
Received Import Request.
  Time since last request: 0.000020 seconds.
  path: Assets/CartoonTracksPack1/Track1/Meshes/Materials/GARAGES.mat
  artifactKey: Guid(361313c7da333414a8c9a9bfe9eef847) Importer(2089858483,192608db42251d675da83286b1cce702)
Start importing Assets/CartoonTracksPack1/Track1/Meshes/Materials/GARAGES.mat using Guid(361313c7da333414a8c9a9bfe9eef847) Importer(2089858483,192608db42251d675da83286b1cce702) (ScriptedImporter) -> (artifact id: '57efa55b76824285c34473697b04f5db') in 0.2349643 seconds
Number of updated asset objects reloaded before import = 0Number of asset objects unloaded after import = 3

========================================================================
Received Import Request.
  Time since last request: 0.000051 seconds.
  path: Assets/CartoonTracksPack1/Track1/Prefabs/Props/Walls/prop_wall_D.prefab
  artifactKey: Guid(3e944e3965f5e664a8f978c98b2261eb) Importer(2089858483,192608db42251d675da83286b1cce702)
Start importing Assets/CartoonTracksPack1/Track1/Prefabs/Props/Walls/prop_wall_D.prefab using Guid(3e944e3965f5e664a8f978c98b2261eb) Importer(2089858483,192608db42251d675da83286b1cce702) (ScriptedImporter) -> (artifact id: 'd99a622b32452bc03e3adede3122ab58') in 0.0530642 seconds
Number of updated asset objects reloaded before import = 0Number of asset objects unloaded after import = 8

========================================================================
Received Import Request.
  Time since last request: 0.000019 seconds.
  path: Assets/CartoonTracksPack1/Track1/Prefabs/Props/Walls/prop_wall_B.prefab
  artifactKey: Guid(8327dbd1d9a80574eac16eb46892a29e) Importer(2089858483,192608db42251d675da83286b1cce702)
Start importing Assets/CartoonTracksPack1/Track1/Prefabs/Props/Walls/prop_wall_B.prefab using Guid(8327dbd1d9a80574eac16eb46892a29e) Importer(2089858483,192608db42251d675da83286b1cce702) (ScriptedImporter) -> (artifact id: '87096272ec08af37c867dcdc6dea15d9') in 0.0939993 seconds
Number of updated asset objects reloaded before import = 0Number of asset objects unloaded after import = 8

========================================================================
Received Import Request.
  Time since last request: 0.000023 seconds.
  path: Assets/Samples/XR Interaction Toolkit/3.2.2/Starter Assets/Materials/FresnelHighlight.mat
  artifactKey: Guid(f5ccd52dc494e054fbe7d7161dcabe25) Importer(2089858483,192608db42251d675da83286b1cce702)
Start importing Assets/Samples/XR Interaction Toolkit/3.2.2/Starter Assets/Materials/FresnelHighlight.mat using Guid(f5ccd52dc494e054fbe7d7161dcabe25) Importer(2089858483,192608db42251d675da83286b1cce702) (ScriptedImporter) -> (artifact id: '831443460f691e6491f7afe431db67a2') in 1.4874827 seconds
Number of updated asset objects reloaded before import = 0Number of asset objects unloaded after import = 7

========================================================================
Received Import Request.
  Time since last request: 0.000025 seconds.
  path: Assets/CartoonTracksPack1/Track1/Meshes/Prefab_Meshes/prop_distance_1.FBX
  artifactKey: Guid(41a8c51d703306847bb822a8de712521) Importer(2089858483,192608db42251d675da83286b1cce702)
Start importing Assets/CartoonTracksPack1/Track1/Meshes/Prefab_Meshes/prop_distance_1.FBX using Guid(41a8c51d703306847bb822a8de712521) Importer(2089858483,192608db42251d675da83286b1cce702) (ScriptedImporter) -> (artifact id: 'c10d873140caf4df277dac593951c55a') in 0.0830924 seconds
Number of updated asset objects reloaded before import = 0Number of asset objects unloaded after import = 9

========================================================================
Received Import Request.
  Time since last request: 0.000069 seconds.
  path: Assets/CartoonTracksPack1/Track1/Meshes/Prefab_Meshes/prop_team_12.FBX
  artifactKey: Guid(d68fccbb419a8b5419a34d216f1f1d0e) Importer(2089858483,192608db42251d675da83286b1cce702)
Start importing Assets/CartoonTracksPack1/Track1/Meshes/Prefab_Meshes/prop_team_12.FBX using Guid(d68fccbb419a8b5419a34d216f1f1d0e) Importer(2089858483,192608db42251d675da83286b1cce702) (ScriptedImporter) -> (artifact id: '2191d4d420971bd90744e1c95e0baeb5') in 0.092552 seconds
Number of updated asset objects reloaded before import = 0Number of asset objects unloaded after import = 9

========================================================================
Received Import Request.
  Time since last request: 0.000027 seconds.
  path: Assets/Samples/XR Interaction Toolkit/3.2.2/XR Interaction Simulator/Hand Expressions/Grab Expression Capture.asset
  artifactKey: Guid(2c7c6caedfd0a43e3a614236a83aa148) Importer(2089858483,192608db42251d675da83286b1cce702)
Start importing Assets/Samples/XR Interaction Toolkit/3.2.2/XR Interaction Simulator/Hand Expressions/Grab Expression Capture.asset using Guid(2c7c6caedfd0a43e3a614236a83aa148) Importer(2089858483,192608db42251d675da83286b1cce702) (ScriptedImporter) -> (artifact id: '6f3c9a7c7461ed7880051115343b36b5') in 0.0278642 seconds
Number of updated asset objects reloaded before import = 0Number of asset objects unloaded after import = 1

========================================================================
Received Import Request.
  Time since last request: 0.000026 seconds.
  path: Assets/Samples/XR Interaction Toolkit/3.2.2/Starter Assets/Shaders/Unlit_ShaderGraph.shadergraph
  artifactKey: Guid(740445f1490c01e4b8feacf8d9ab5e7f) Importer(2089858483,192608db42251d675da83286b1cce702)
Start importing Assets/Samples/XR Interaction Toolkit/3.2.2/Starter Assets/Shaders/Unlit_ShaderGraph.shadergraph using Guid(740445f1490c01e4b8feacf8d9ab5e7f) Importer(2089858483,192608db42251d675da83286b1cce702) (ScriptedImporter) -> (artifact id: '882778910336df537f090d2af0b7f367') in 0.2323097 seconds
Number of updated asset objects reloaded before import = 0Number of asset objects unloaded after import = 6

========================================================================
Received Import Request.
  Time since last request: 0.000022 seconds.
  path: Assets/Samples/XR Interaction Toolkit/3.2.2/Starter Assets/TunnelingVignette/TunnelingVignette.mat
  artifactKey: Guid(0a35b7e20f75a8540a2c14b9555078cb) Importer(2089858483,192608db42251d675da83286b1cce702)
Start importing Assets/Samples/XR Interaction Toolkit/3.2.2/Starter Assets/TunnelingVignette/TunnelingVignette.mat using Guid(0a35b7e20f75a8540a2c14b9555078cb) Importer(2089858483,192608db42251d675da83286b1cce702) (ScriptedImporter) -> (artifact id: 'b2199045b0335be28331a27b5903f474') in 0.0195904 seconds
Number of updated asset objects reloaded before import = 0Number of asset objects unloaded after import = 1

========================================================================
Received Import Request.
  Time since last request: 0.000028 seconds.
  path: Assets/TutorialInfo/Layout.wlt
  artifactKey: Guid(eabc9546105bf4accac1fd62a63e88e6) Importer(2089858483,192608db42251d675da83286b1cce702)
Start importing Assets/TutorialInfo/Layout.wlt using Guid(eabc9546105bf4accac1fd62a63e88e6) Importer(2089858483,192608db42251d675da83286b1cce702) (ScriptedImporter) -> (artifact id: '4d00740cd33d4b275a8f48c762bb7400') in 0.0238751 seconds
Number of updated asset objects reloaded before import = 0Number of asset objects unloaded after import = 1

========================================================================
Received Import Request.
  Time since last request: 0.000033 seconds.
  path: Assets/CartoonTracksPack1/Track1/Meshes/Prefab_Meshes/prop_banner_medium_B.FBX
  artifactKey: Guid(47a0a90bb2e4e3e40a64f884f032369c) Importer(2089858483,192608db42251d675da83286b1cce702)
Start importing Assets/CartoonTracksPack1/Track1/Meshes/Prefab_Meshes/prop_banner_medium_B.FBX using Guid(47a0a90bb2e4e3e40a64f884f032369c) Importer(2089858483,192608db42251d675da83286b1cce702) (ScriptedImporter) -> (artifact id: 'c1c3c0d277cd4cd37461d77e2bdc03a8') in 0.0799764 seconds
Number of updated asset objects reloaded before import = 0Number of asset objects unloaded after import = 9

========================================================================
Received Import Request.
  Time since last request: 0.000034 seconds.
  path: Assets/CartoonTracksPack1/Track1/Prefabs/Props/prop_bridge_middle.prefab
  artifactKey: Guid(adcc1d23d2daba745879ab39fe647517) Importer(2089858483,192608db42251d675da83286b1cce702)
Start importing Assets/CartoonTracksPack1/Track1/Prefabs/Props/prop_bridge_middle.prefab using Guid(adcc1d23d2daba745879ab39fe647517) Importer(2089858483,192608db42251d675da83286b1cce702) (ScriptedImporter) -> (artifact id: 'fcce05bd75bf2c52cb34cecfbec5b3a0') in 0.0378261 seconds
Number of updated asset objects reloaded before import = 0Number of asset objects unloaded after import = 8

========================================================================
Received Import Request.
  Time since last request: 0.000020 seconds.
  path: Assets/Samples/XR Interaction Toolkit/3.2.2/Starter Assets/DemoSceneAssets/Models/Primitive_Tapered_Cylinder.fbx
  artifactKey: Guid(e3493855a112e8248a2ea2c9828a51a1) Importer(2089858483,192608db42251d675da83286b1cce702)
Start importing Assets/Samples/XR Interaction Toolkit/3.2.2/Starter Assets/DemoSceneAssets/Models/Primitive_Tapered_Cylinder.fbx using Guid(e3493855a112e8248a2ea2c9828a51a1) Importer(2089858483,192608db42251d675da83286b1cce702) (ScriptedImporter) -> (artifact id: '120227162e65108b56ce0656a4feed97') in 0.0524554 seconds
Number of updated asset objects reloaded before import = 0Number of asset objects unloaded after import = 9

========================================================================
Received Import Request.
  Time since last request: 0.000028 seconds.
  path: Assets/Samples/XR Interaction Toolkit/3.2.2/Starter Assets/DemoSceneAssets/Prefabs/Poke Interactions Sample.prefab
  artifactKey: Guid(88246f8e9c3765d49be8da34eca3c630) Importer(2089858483,192608db42251d675da83286b1cce702)
Start importing Assets/Samples/XR Interaction Toolkit/3.2.2/Starter Assets/DemoSceneAssets/Prefabs/Poke Interactions Sample.prefab using Guid(88246f8e9c3765d49be8da34eca3c630) Importer(2089858483,192608db42251d675da83286b1cce702) (ScriptedImporter) -> (artifact id: 'ef91fe925a3df9884ceb95e99275cf76') in 0.1252974 seconds
Number of updated asset objects reloaded before import = 0Number of asset objects unloaded after import = 108

========================================================================
Received Import Request.
  Time since last request: 0.000021 seconds.
  path: Assets/Samples/XR Interaction Toolkit/3.2.2/Starter Assets/DemoSceneAssets/Models/Primitive_Cylinder.fbx
  artifactKey: Guid(73b694bb0f61cd14e9e1ed7b578ac09a) Importer(2089858483,192608db42251d675da83286b1cce702)
Start importing Assets/Samples/XR Interaction Toolkit/3.2.2/Starter Assets/DemoSceneAssets/Models/Primitive_Cylinder.fbx using Guid(73b694bb0f61cd14e9e1ed7b578ac09a) Importer(2089858483,192608db42251d675da83286b1cce702) (ScriptedImporter) -> (artifact id: '689198e0d6557661915bc50e3ca20ee7') in 0.0369517 seconds
Number of updated asset objects reloaded before import = 0Number of asset objects unloaded after import = 9

========================================================================
Received Import Request.
  Time since last request: 0.000023 seconds.
  path: Assets/Samples/XR Interaction Toolkit/3.2.2/Starter Assets/DemoSceneAssets/Models/PushButton.fbx
  artifactKey: Guid(7ab6f3b0fd1a6ba41b2a47766c16613f) Importer(2089858483,192608db42251d675da83286b1cce702)
Start importing Assets/Samples/XR Interaction Toolkit/3.2.2/Starter Assets/DemoSceneAssets/Models/PushButton.fbx using Guid(7ab6f3b0fd1a6ba41b2a47766c16613f) Importer(2089858483,192608db42251d675da83286b1cce702) (ScriptedImporter) -> (artifact id: '3efcad7054e7174b73c1cc7933424183') in 0.0389127 seconds
Number of updated asset objects reloaded before import = 0Number of asset objects unloaded after import = 18

========================================================================
Received Import Request.
  Time since last request: 0.000028 seconds.
  path: Assets/Samples/XR Interaction Toolkit/3.2.2/Starter Assets/DemoSceneAssets/Prefabs/Gaze Interactables.prefab
  artifactKey: Guid(e05cd47ab8981f64badd3bfe29af8f4e) Importer(2089858483,192608db42251d675da83286b1cce702)
Start importing Assets/Samples/XR Interaction Toolkit/3.2.2/Starter Assets/DemoSceneAssets/Prefabs/Gaze Interactables.prefab using Guid(e05cd47ab8981f64badd3bfe29af8f4e) Importer(2089858483,192608db42251d675da83286b1cce702) (ScriptedImporter) -> (artifact id: 'be8ca1f2bd8078bc69e5b38745c00bc6') in 0.064682 seconds
Number of updated asset objects reloaded before import = 0Number of asset objects unloaded after import = 41

========================================================================
Received Import Request.
  Time since last request: 0.000017 seconds.
  path: Assets/Samples/XR Interaction Toolkit/3.2.2/Starter Assets/DemoSceneAssets/Materials/MaterialPipelineHandler.asset
  artifactKey: Guid(fcbe69f7b69204d43b67d30e2487c37c) Importer(2089858483,192608db42251d675da83286b1cce702)
Start importing Assets/Samples/XR Interaction Toolkit/3.2.2/Starter Assets/DemoSceneAssets/Materials/MaterialPipelineHandler.asset using Guid(fcbe69f7b69204d43b67d30e2487c37c) Importer(2089858483,192608db42251d675da83286b1cce702) (ScriptedImporter) -> (artifact id: '774b97c3a9c148ef2816201c35c8cac2') in 0.0276267 seconds
Number of updated asset objects reloaded before import = 0Number of asset objects unloaded after import = 5

========================================================================
Received Import Request.
  Time since last request: 0.000015 seconds.
  path: Assets/Samples/XR Interaction Toolkit/3.2.2/Starter Assets/DemoSceneAssets/AffordanceThemes/InteractionColor.asset
  artifactKey: Guid(3ec238cb3e80e274c844d7b56f585392) Importer(2089858483,192608db42251d675da83286b1cce702)
Start importing Assets/Samples/XR Interaction Toolkit/3.2.2/Starter Assets/DemoSceneAssets/AffordanceThemes/InteractionColor.asset using Guid(3ec238cb3e80e274c844d7b56f585392) Importer(2089858483,192608db42251d675da83286b1cce702) (ScriptedImporter) -> (artifact id: '29ce740e6a115df33644ae94a62fe747') in 0.0284328 seconds
Number of updated asset objects reloaded before import = 0Number of asset objects unloaded after import = 1

========================================================================
Received Import Request.
  Time since last request: 0.000020 seconds.
  path: Assets/TDG Kiddy Rides/Prefabs/Curb.prefab
  artifactKey: Guid(b604c8b30f93a34478c046b595a5bf71) Importer(2089858483,192608db42251d675da83286b1cce702)
Start importing Assets/TDG Kiddy Rides/Prefabs/Curb.prefab using Guid(b604c8b30f93a34478c046b595a5bf71) Importer(2089858483,192608db42251d675da83286b1cce702) (ScriptedImporter) -> (artifact id: '902f6e094cb78dcd2e2422b333fdb213') in 0.0510076 seconds
Number of updated asset objects reloaded before import = 0Number of asset objects unloaded after import = 8

========================================================================
Received Import Request.
  Time since last request: 0.000031 seconds.
  path: Assets/Samples/XR Interaction Toolkit/3.2.2/Starter Assets/DemoSceneAssets/Sprites/Circle_60x60_Horizontal.png
  artifactKey: Guid(e45f8f823c093d941855bb23b53b9414) Importer(2089858483,192608db42251d675da83286b1cce702)
Start importing Assets/Samples/XR Interaction Toolkit/3.2.2/Starter Assets/DemoSceneAssets/Sprites/Circle_60x60_Horizontal.png using Guid(e45f8f823c093d941855bb23b53b9414) Importer(2089858483,192608db42251d675da83286b1cce702) (ScriptedImporter) -> (artifact id: 'b4825bec75bf552d47a7ada47ca5b594') in 0.0481604 seconds
Number of updated asset objects reloaded before import = 0Number of asset objects unloaded after import = 3

========================================================================
Received Import Request.
  Time since last request: 0.000018 seconds.
  path: Assets/Samples/XR Interaction Toolkit/3.2.2/Starter Assets/Prefabs/Affordances/PokePointerAffordance.prefab
  artifactKey: Guid(bb91fcbcb3cc896468b372b1c762bfab) Importer(2089858483,192608db42251d675da83286b1cce702)
Start importing Assets/Samples/XR Interaction Toolkit/3.2.2/Starter Assets/Prefabs/Affordances/PokePointerAffordance.prefab using Guid(bb91fcbcb3cc896468b372b1c762bfab) Importer(2089858483,192608db42251d675da83286b1cce702) (ScriptedImporter) -> (artifact id: 'edab6a352fdf9e63bc9fb53ec08d7929') in 0.0432081 seconds
Number of updated asset objects reloaded before import = 0Number of asset objects unloaded after import = 15

========================================================================
Received Import Request.
  Time since last request: 0.000017 seconds.
  path: Assets/Samples/XR Interaction Toolkit/3.2.2/XR Interaction Simulator/UI/Controller/BothControllers.png
  artifactKey: Guid(87805fa2e196d415b84396f8e984abcf) Importer(2089858483,192608db42251d675da83286b1cce702)
Start importing Assets/Samples/XR Interaction Toolkit/3.2.2/XR Interaction Simulator/UI/Controller/BothControllers.png using Guid(87805fa2e196d415b84396f8e984abcf) Importer(2089858483,192608db42251d675da83286b1cce702) (ScriptedImporter) -> (artifact id: 'b51bcf3e92da82e3bb84fc12d5a32d9b') in 0.0292924 seconds
Number of updated asset objects reloaded before import = 0Number of asset objects unloaded after import = 3

========================================================================
Received Import Request.
  Time since last request: 0.000022 seconds.
  path: Assets/Samples/XR Interaction Toolkit/3.2.2/XR Interaction Simulator/UI/Controller/LeftControllerOutline@2x.png
  artifactKey: Guid(86ad78bcde32c40de86c59ef68e8c525) Importer(2089858483,192608db42251d675da83286b1cce702)
Start importing Assets/Samples/XR Interaction Toolkit/3.2.2/XR Interaction Simulator/UI/Controller/LeftControllerOutline@2x.png using Guid(86ad78bcde32c40de86c59ef68e8c525) Importer(2089858483,192608db42251d675da83286b1cce702) (ScriptedImporter) -> (artifact id: 'ac6dd5375eae5939a88999f342f5bc82') in 0.0409638 seconds
Number of updated asset objects reloaded before import = 0Number of asset objects unloaded after import = 3

========================================================================
Received Import Request.
  Time since last request: 0.000026 seconds.
  path: Assets/Samples/XR Interaction Toolkit/3.2.2/Starter Assets/Prefabs/Interactors/Gaze Interactor.prefab
  artifactKey: Guid(b84cd05e1160fe34cab2585022c8cd99) Importer(2089858483,192608db42251d675da83286b1cce702)
Start importing Assets/Samples/XR Interaction Toolkit/3.2.2/Starter Assets/Prefabs/Interactors/Gaze Interactor.prefab using Guid(b84cd05e1160fe34cab2585022c8cd99) Importer(2089858483,192608db42251d675da83286b1cce702) (ScriptedImporter) -> (artifact id: 'ca8f1089d2dbbe7933ee737456e12002') in 0.1549035 seconds
Number of updated asset objects reloaded before import = 0Number of asset objects unloaded after import = 12

========================================================================
Received Import Request.
  Time since last request: 0.000019 seconds.
  path: Assets/Samples/XR Interaction Toolkit/3.2.2/Starter Assets/Prefabs/Interactors/Direct Interactor.prefab
  artifactKey: Guid(2fd3e07afe5b461490fb8e314976b1b0) Importer(2089858483,192608db42251d675da83286b1cce702)
Start importing Assets/Samples/XR Interaction Toolkit/3.2.2/Starter Assets/Prefabs/Interactors/Direct Interactor.prefab using Guid(2fd3e07afe5b461490fb8e314976b1b0) Importer(2089858483,192608db42251d675da83286b1cce702) (ScriptedImporter) -> (artifact id: '4ad8948947634efff6b875b13dfdee93') in 0.075173 seconds
Number of updated asset objects reloaded before import = 0Number of asset objects unloaded after import = 8

========================================================================
Received Import Request.
  Time since last request: 0.000019 seconds.
  path: Assets/CartoonTracksPack1/Track1/Physics Materials/Cone.physicMaterial
  artifactKey: Guid(7f35231755fa8124096e33e80144306f) Importer(2089858483,192608db42251d675da83286b1cce702)
Start importing Assets/CartoonTracksPack1/Track1/Physics Materials/Cone.physicMaterial using Guid(7f35231755fa8124096e33e80144306f) Importer(2089858483,192608db42251d675da83286b1cce702) (ScriptedImporter) -> (artifact id: 'fb392723b193ca93f2860dc94576d179') in 0.0408704 seconds
Number of updated asset objects reloaded before import = 0Number of asset objects unloaded after import = 1

========================================================================
Received Import Request.
  Time since last request: 0.000031 seconds.
  path: Assets/Samples/XR Interaction Toolkit/3.2.2/XR Interaction Simulator/UI/Highlight/highlight_rect_horizontal.png
  artifactKey: Guid(dd8fd94bee0954b82adaf33046ec980d) Importer(2089858483,192608db42251d675da83286b1cce702)
Start importing Assets/Samples/XR Interaction Toolkit/3.2.2/XR Interaction Simulator/UI/Highlight/highlight_rect_horizontal.png using Guid(dd8fd94bee0954b82adaf33046ec980d) Importer(2089858483,192608db42251d675da83286b1cce702) (ScriptedImporter) -> (artifact id: '91a9602783d3e213cd6a3055a12e1fad') in 0.0405288 seconds
Number of updated asset objects reloaded before import = 0Number of asset objects unloaded after import = 3

========================================================================
Received Import Request.
  Time since last request: 0.000018 seconds.
  path: Assets/Samples/XR Interaction Toolkit/3.2.2/XR Interaction Simulator/UI/Controller/RightControllerOutline@2x.png
  artifactKey: Guid(10dc4b76fedda43bc9f45737b47e2a35) Importer(2089858483,192608db42251d675da83286b1cce702)
Start importing Assets/Samples/XR Interaction Toolkit/3.2.2/XR Interaction Simulator/UI/Controller/RightControllerOutline@2x.png using Guid(10dc4b76fedda43bc9f45737b47e2a35) Importer(2089858483,192608db42251d675da83286b1cce702) (ScriptedImporter) -> (artifact id: 'c72c70e7c97bc62fb7d152417d79fe7b') in 0.0360881 seconds
Number of updated asset objects reloaded before import = 0Number of asset objects unloaded after import = 3

========================================================================
Received Import Request.
  Time since last request: 0.000022 seconds.
  path: Assets/Samples/XR Interaction Toolkit/3.2.2/XR Interaction Simulator/UI/Hands/Hands.png
  artifactKey: Guid(51dbca003875e4a13a6aa29047489e85) Importer(2089858483,192608db42251d675da83286b1cce702)
Start importing Assets/Samples/XR Interaction Toolkit/3.2.2/XR Interaction Simulator/UI/Hands/Hands.png using Guid(51dbca003875e4a13a6aa29047489e85) Importer(2089858483,192608db42251d675da83286b1cce702) (ScriptedImporter) -> (artifact id: '2647c8cbf92ad9bf2304cb3d266032aa') in 0.0332692 seconds
Number of updated asset objects reloaded before import = 0Number of asset objects unloaded after import = 3

========================================================================
Received Import Request.
  Time since last request: 0.000021 seconds.
  path: Assets/Samples/XR Interaction Toolkit/3.2.2/XR Interaction Simulator/UI/Highlight/highlight_head.png
  artifactKey: Guid(1a452a6a86d684a7ba39272e4e14a1d6) Importer(2089858483,192608db42251d675da83286b1cce702)
Start importing Assets/Samples/XR Interaction Toolkit/3.2.2/XR Interaction Simulator/UI/Highlight/highlight_head.png using Guid(1a452a6a86d684a7ba39272e4e14a1d6) Importer(2089858483,192608db42251d675da83286b1cce702) (ScriptedImporter) -> (artifact id: '7fce8ed29c0fd1b00a5fedd04cc3b693') in 0.0308327 seconds
Number of updated asset objects reloaded before import = 0Number of asset objects unloaded after import = 3

========================================================================
Received Import Request.
  Time since last request: 0.000034 seconds.
  path: Assets/Samples/XR Interaction Toolkit/3.2.2/XR Interaction Simulator/UI/Rotate/RightRotate@2x.png
  artifactKey: Guid(03307529d9f01459599263d114b1ba47) Importer(2089858483,192608db42251d675da83286b1cce702)
Start importing Assets/Samples/XR Interaction Toolkit/3.2.2/XR Interaction Simulator/UI/Rotate/RightRotate@2x.png using Guid(03307529d9f01459599263d114b1ba47) Importer(2089858483,192608db42251d675da83286b1cce702) (ScriptedImporter) -> (artifact id: '036629ec6871c6d6bd6860ecb05b7fee') in 0.0431221 seconds
Number of updated asset objects reloaded before import = 0Number of asset objects unloaded after import = 3

========================================================================
Received Import Request.
  Time since last request: 0.000017 seconds.
  path: Assets/Samples/XR Interaction Toolkit/3.2.2/XR Interaction Simulator/UI/Hands/Poke.png
  artifactKey: Guid(8511a3a1d58364d7da8521c56be3feaa) Importer(2089858483,192608db42251d675da83286b1cce702)
Start importing Assets/Samples/XR Interaction Toolkit/3.2.2/XR Interaction Simulator/UI/Hands/Poke.png using Guid(8511a3a1d58364d7da8521c56be3feaa) Importer(2089858483,192608db42251d675da83286b1cce702) (ScriptedImporter) -> (artifact id: '37ca5963fd1cb7da42055110cd88728f') in 0.0390391 seconds
Number of updated asset objects reloaded before import = 0Number of asset objects unloaded after import = 3

========================================================================
Received Import Request.
  Time since last request: 0.000020 seconds.
  path: Assets/Samples/XR Interaction Toolkit/3.2.2/XR Interaction Simulator/UI/Translate/TranslateBack@2x.png
  artifactKey: Guid(e1e3a07825d874ec2be9136fdfb7ab51) Importer(2089858483,192608db42251d675da83286b1cce702)
Start importing Assets/Samples/XR Interaction Toolkit/3.2.2/XR Interaction Simulator/UI/Translate/TranslateBack@2x.png using Guid(e1e3a07825d874ec2be9136fdfb7ab51) Importer(2089858483,192608db42251d675da83286b1cce702) (ScriptedImporter) -> (artifact id: '3e5c05f37d83658e6387e2d76df3f443') in 0.0417597 seconds
Number of updated asset objects reloaded before import = 0Number of asset objects unloaded after import = 3

========================================================================
Received Import Request.
  Time since last request: 0.000021 seconds.
  path: Assets/CartoonTracksPack1/Track1/Meshes/Prefab_Meshes/prop_team_4.FBX
  artifactKey: Guid(8c35c6057f32ea643a0619c3f2c19edd) Importer(2089858483,192608db42251d675da83286b1cce702)
Start importing Assets/CartoonTracksPack1/Track1/Meshes/Prefab_Meshes/prop_team_4.FBX using Guid(8c35c6057f32ea643a0619c3f2c19edd) Importer(2089858483,192608db42251d675da83286b1cce702) (ScriptedImporter) -> (artifact id: 'd46595f879f566b1a1d3d4c6e80f6ed1') in 0.0896662 seconds
Number of updated asset objects reloaded before import = 0Number of asset objects unloaded after import = 9

========================================================================
Received Import Request.
  Time since last request: 0.000045 seconds.
  path: Assets/Samples/XR Interaction Toolkit/3.2.2/Starter Assets/DemoSceneAssets/Prefabs/Teleport/Teleport Area.prefab
  artifactKey: Guid(beb4e2871579447497fe41dfb108e2cd) Importer(2089858483,192608db42251d675da83286b1cce702)
Start importing Assets/Samples/XR Interaction Toolkit/3.2.2/Starter Assets/DemoSceneAssets/Prefabs/Teleport/Teleport Area.prefab using Guid(beb4e2871579447497fe41dfb108e2cd) Importer(2089858483,192608db42251d675da83286b1cce702) (ScriptedImporter) -> (artifact id: 'cf1afd339c98e4a99ddb2d315ffa120f') in 0.0784693 seconds
Number of updated asset objects reloaded before import = 0Number of asset objects unloaded after import = 10

========================================================================
Received Import Request.
  Time since last request: 0.000021 seconds.
  path: Assets/Samples/XR Interaction Toolkit/3.2.2/Starter Assets/DemoSceneAssets/Prefabs/UI/Text Toggle.prefab
  artifactKey: Guid(6a448845c7017044e8a9f3d711cfe825) Importer(2089858483,192608db42251d675da83286b1cce702)
Start importing Assets/Samples/XR Interaction Toolkit/3.2.2/Starter Assets/DemoSceneAssets/Prefabs/UI/Text Toggle.prefab using Guid(6a448845c7017044e8a9f3d711cfe825) Importer(2089858483,192608db42251d675da83286b1cce702) (ScriptedImporter) -> (artifact id: 'e7d043c82c94c7ff0777d0118479bc34') in 0.1379605 seconds
Number of updated asset objects reloaded before import = 0Number of asset objects unloaded after import = 25

========================================================================
Received Import Request.
  Time since last request: 0.000021 seconds.
  path: Assets/Samples/XR Interaction Toolkit/3.2.2/Starter Assets/DemoSceneAssets/Prefabs/Interactables/Cylinder.prefab
  artifactKey: Guid(2ed984a58a974166bf92c82a74380454) Importer(2089858483,192608db42251d675da83286b1cce702)
Start importing Assets/Samples/XR Interaction Toolkit/3.2.2/Starter Assets/DemoSceneAssets/Prefabs/Interactables/Cylinder.prefab using Guid(2ed984a58a974166bf92c82a74380454) Importer(2089858483,192608db42251d675da83286b1cce702) (ScriptedImporter) -> (artifact id: '51aa708f73ed2ae80fc3cd9d2b86ecc9') in 0.1026922 seconds
Number of updated asset objects reloaded before import = 0Number of asset objects unloaded after import = 25

========================================================================
Received Import Request.
  Time since last request: 0.000034 seconds.
  path: Assets/Samples/XR Interaction Toolkit/3.2.2/Starter Assets/DemoSceneAssets/Prefabs/Climb/Multi Floor Ladder.prefab
  artifactKey: Guid(652585f331bff7e44afb8fe71ec2119f) Importer(2089858483,192608db42251d675da83286b1cce702)
Start importing Assets/Samples/XR Interaction Toolkit/3.2.2/Starter Assets/DemoSceneAssets/Prefabs/Climb/Multi Floor Ladder.prefab using Guid(652585f331bff7e44afb8fe71ec2119f) Importer(2089858483,192608db42251d675da83286b1cce702) (ScriptedImporter) -> (artifact id: '0d655a6da6502357df1c468881509512') in 0.0835047 seconds
Number of updated asset objects reloaded before import = 0Number of asset objects unloaded after import = 292

========================================================================
Received Import Request.
  Time since last request: 0.000019 seconds.
  path: Assets/Samples/XR Interaction Toolkit/3.2.2/Starter Assets/DemoSceneAssets/Prefabs/UI/Icon Button.prefab
  artifactKey: Guid(56686f82f64b0af4688a89676403a500) Importer(2089858483,192608db42251d675da83286b1cce702)
Start importing Assets/Samples/XR Interaction Toolkit/3.2.2/Starter Assets/DemoSceneAssets/Prefabs/UI/Icon Button.prefab using Guid(56686f82f64b0af4688a89676403a500) Importer(2089858483,192608db42251d675da83286b1cce702) (ScriptedImporter) -> (artifact id: '3a9b9e59966558ef55772aef929a03db') in 0.0690749 seconds
Number of updated asset objects reloaded before import = 0Number of asset objects unloaded after import = 24

========================================================================
Received Import Request.
  Time since last request: 0.000019 seconds.
  path: Assets/Samples/XR Interaction Toolkit/3.2.2/Starter Assets/DemoSceneAssets/Prefabs/UI/Icon Toggle.prefab
  artifactKey: Guid(541ed11e270c6994ca5910042c7e04da) Importer(2089858483,192608db42251d675da83286b1cce702)
Start importing Assets/Samples/XR Interaction Toolkit/3.2.2/Starter Assets/DemoSceneAssets/Prefabs/UI/Icon Toggle.prefab using Guid(541ed11e270c6994ca5910042c7e04da) Importer(2089858483,192608db42251d675da83286b1cce702) (ScriptedImporter) -> (artifact id: 'fcc061ba5dfa4a34766e38a5daf66a07') in 0.0598508 seconds
Number of updated asset objects reloaded before import = 0Number of asset objects unloaded after import = 21

========================================================================
Received Import Request.
  Time since last request: 0.000047 seconds.
  path: Assets/Samples/XR Interaction Toolkit/3.2.2/Starter Assets/DemoSceneAssets/Prefabs/Interactables/Torus.prefab
  artifactKey: Guid(521327bdbcb341f782d36f02cab76cb0) Importer(2089858483,192608db42251d675da83286b1cce702)
Start importing Assets/Samples/XR Interaction Toolkit/3.2.2/Starter Assets/DemoSceneAssets/Prefabs/Interactables/Torus.prefab using Guid(521327bdbcb341f782d36f02cab76cb0) Importer(2089858483,192608db42251d675da83286b1cce702) (ScriptedImporter) -> (artifact id: '56dc74c12918172cbe43e39b04a8f5cc') in 0.0818056 seconds
Number of updated asset objects reloaded before import = 0Number of asset objects unloaded after import = 25

========================================================================
Received Import Request.
  Time since last request: 0.000033 seconds.
  path: Assets/Samples/XR Interaction Toolkit/3.2.2/XR Interaction Simulator/UI/Translate/TranslateUp.png
  artifactKey: Guid(46c27b4ffbe1f4c92b44af023b7ee228) Importer(2089858483,192608db42251d675da83286b1cce702)
Start importing Assets/Samples/XR Interaction Toolkit/3.2.2/XR Interaction Simulator/UI/Translate/TranslateUp.png using Guid(46c27b4ffbe1f4c92b44af023b7ee228) Importer(2089858483,192608db42251d675da83286b1cce702) (ScriptedImporter) -> (artifact id: '33f99734894c778cfe396f138e862a95') in 0.0422827 seconds
Number of updated asset objects reloaded before import = 0Number of asset objects unloaded after import = 3

========================================================================
Received Import Request.
  Time since last request: 0.000044 seconds.
  path: Assets/Samples/XR Interaction Toolkit/3.2.2/Starter Assets/DemoSceneAssets/Prefabs/UI/Interactive Controls.prefab
  artifactKey: Guid(7bbb1960bab3e75459304488d8d1ffba) Importer(2089858483,192608db42251d675da83286b1cce702)
Start importing Assets/Samples/XR Interaction Toolkit/3.2.2/Starter Assets/DemoSceneAssets/Prefabs/UI/Interactive Controls.prefab using Guid(7bbb1960bab3e75459304488d8d1ffba) Importer(2089858483,192608db42251d675da83286b1cce702) (ScriptedImporter) -> (artifact id: '378192f162f47948101f3c06d289f094') in 0.0916907 seconds
Number of updated asset objects reloaded before import = 0Number of asset objects unloaded after import = 198

========================================================================
Received Import Request.
  Time since last request: 0.000027 seconds.
  path: Assets/CartoonTracksPack1/Track1/Prefabs/Props/Barriers/prop_barrier_pole.prefab
  artifactKey: Guid(8f5ba75355860994db7f47485c36ce19) Importer(2089858483,192608db42251d675da83286b1cce702)
Start importing Assets/CartoonTracksPack1/Track1/Prefabs/Props/Barriers/prop_barrier_pole.prefab using Guid(8f5ba75355860994db7f47485c36ce19) Importer(2089858483,192608db42251d675da83286b1cce702) (ScriptedImporter) -> (artifact id: 'b4d7c3ce72c46841a42aaa99d8b31e84') in 0.0833839 seconds
Number of updated asset objects reloaded before import = 0Number of asset objects unloaded after import = 8

========================================================================
Received Import Request.
  Time since last request: 0.000020 seconds.
  path: Assets/CartoonTracksPack1/Track1/Prefabs/Track/oval_mod_walls.prefab
  artifactKey: Guid(06d347a4ad00ae943995b10715a3cd1a) Importer(2089858483,192608db42251d675da83286b1cce702)
Start importing Assets/CartoonTracksPack1/Track1/Prefabs/Track/oval_mod_walls.prefab using Guid(06d347a4ad00ae943995b10715a3cd1a) Importer(2089858483,192608db42251d675da83286b1cce702) (ScriptedImporter) -> (artifact id: '51d3668537c5ae0f474419fd3412955d') in 0.0707097 seconds
Number of updated asset objects reloaded before import = 0Number of asset objects unloaded after import = 229

========================================================================
Received Import Request.
  Time since last request: 0.000023 seconds.
  path: Assets/TDG Kiddy Rides/Prefabs/Fire Engine.prefab
  artifactKey: Guid(89e5000f47e77a641b9dbef1f03827b4) Importer(2089858483,192608db42251d675da83286b1cce702)
Start importing Assets/TDG Kiddy Rides/Prefabs/Fire Engine.prefab using Guid(89e5000f47e77a641b9dbef1f03827b4) Importer(2089858483,192608db42251d675da83286b1cce702) (ScriptedImporter) -> (artifact id: 'ee620447c930459e4b57edb3535a1e6a') in 0.0675422 seconds
Number of updated asset objects reloaded before import = 0Number of asset objects unloaded after import = 194

========================================================================
Received Import Request.
  Time since last request: 0.000028 seconds.
  path: Assets/TDG Kiddy Rides/Prefabs/F1 Car.prefab
  artifactKey: Guid(145eeda9abdf2484ab8a7bc0e036da2e) Importer(2089858483,192608db42251d675da83286b1cce702)
Start importing Assets/TDG Kiddy Rides/Prefabs/F1 Car.prefab using Guid(145eeda9abdf2484ab8a7bc0e036da2e) Importer(2089858483,192608db42251d675da83286b1cce702) (ScriptedImporter) -> (artifact id: '2cc39e26b7250aae09534bbca73be896') in 0.0526668 seconds
Number of updated asset objects reloaded before import = 0Number of asset objects unloaded after import = 34

========================================================================
Received Import Request.
  Time since last request: 0.000022 seconds.
  path: Assets/CartoonTracksPack1/Track1/Meshes/Materials/GRASS_2.mat
  artifactKey: Guid(30eb2d32c1e32a64bb1b2962978e6cfe) Importer(2089858483,192608db42251d675da83286b1cce702)
Start importing Assets/CartoonTracksPack1/Track1/Meshes/Materials/GRASS_2.mat using Guid(30eb2d32c1e32a64bb1b2962978e6cfe) Importer(2089858483,192608db42251d675da83286b1cce702) (ScriptedImporter) -> (artifact id: '221b48571556d77f56d4d548487647f8') in 0.0554019 seconds
Number of updated asset objects reloaded before import = 0Number of asset objects unloaded after import = 2

========================================================================
Received Import Request.
  Time since last request: 0.000031 seconds.
  path: Assets/Scenes/Scena_vr.unity
  artifactKey: Guid(06b866e714122b04bbb7028495137deb) Importer(2089858483,192608db42251d675da83286b1cce702)
Start importing Assets/Scenes/Scena_vr.unity using Guid(06b866e714122b04bbb7028495137deb) Importer(2089858483,192608db42251d675da83286b1cce702) (ScriptedImporter) -> (artifact id: 'e5ad0a82c643307e167cf2ce167d7cc5') in 0.0301299 seconds
Number of updated asset objects reloaded before import = 0Number of asset objects unloaded after import = 1

========================================================================
Received Import Request.
  Time since last request: 0.000022 seconds.
  path: Assets/TDG Kiddy Rides/Animations/Orb.anim
  artifactKey: Guid(0ac45739989cc8c42802b5311062e15f) Importer(2089858483,192608db42251d675da83286b1cce702)
Start importing Assets/TDG Kiddy Rides/Animations/Orb.anim using Guid(0ac45739989cc8c42802b5311062e15f) Importer(2089858483,192608db42251d675da83286b1cce702) (ScriptedImporter) -> (artifact id: '24b3414e72ab09cb7c6a71851a22de64') in 0.0291964 seconds
Number of updated asset objects reloaded before import = 0Number of asset objects unloaded after import = 1

========================================================================
Received Import Request.
  Time since last request: 0.000024 seconds.
  path: Assets/CartoonTracksPack1/Track1/Meshes/Prefab_Meshes/prop_startlights.FBX
  artifactKey: Guid(1050e9d2dd4499842a80185b225962ed) Importer(2089858483,192608db42251d675da83286b1cce702)
Start importing Assets/CartoonTracksPack1/Track1/Meshes/Prefab_Meshes/prop_startlights.FBX using Guid(1050e9d2dd4499842a80185b225962ed) Importer(2089858483,192608db42251d675da83286b1cce702) (ScriptedImporter) -> (artifact id: '65e3c4f35472a9f36d1380444b98e278') in 0.0907475 seconds
Number of updated asset objects reloaded before import = 0Number of asset objects unloaded after import = 35

========================================================================
Received Import Request.
  Time since last request: 0.000022 seconds.
  path: Assets/TDG Kiddy Rides/Materials/Textures/Concrete_Base.png
  artifactKey: Guid(0483d95dde8e71e4b9ef7c7eec32daed) Importer(2089858483,192608db42251d675da83286b1cce702)
Start importing Assets/TDG Kiddy Rides/Materials/Textures/Concrete_Base.png using Guid(0483d95dde8e71e4b9ef7c7eec32daed) Importer(2089858483,192608db42251d675da83286b1cce702) (ScriptedImporter) -> (artifact id: 'e0b2940ada165872242e3559fac25a73') in 0.0346316 seconds
Number of updated asset objects reloaded before import = 0Number of asset objects unloaded after import = 1

========================================================================
Received Import Request.
  Time since last request: 0.000017 seconds.
  path: Assets/XR/Loaders/OpenXRLoader.asset
  artifactKey: Guid(cf0b34766e6439c45a4b11b6a5068e68) Importer(2089858483,192608db42251d675da83286b1cce702)
Start importing Assets/XR/Loaders/OpenXRLoader.asset using Guid(cf0b34766e6439c45a4b11b6a5068e68) Importer(2089858483,192608db42251d675da83286b1cce702) (ScriptedImporter) -> (artifact id: '13a945ee3872c5a0837acebe1ed72f40') in 0.0292956 seconds
Number of updated asset objects reloaded before import = 0Number of asset objects unloaded after import = 1

========================================================================
Received Import Request.
  Time since last request: 0.000020 seconds.
  path: Assets/CartoonTracksPack1/Track1/Prefabs/Props/Baloons/prop_baloon_D.prefab
  artifactKey: Guid(6f1c068ed03fc3149b8e09cd64181d37) Importer(2089858483,192608db42251d675da83286b1cce702)
Start importing Assets/CartoonTracksPack1/Track1/Prefabs/Props/Baloons/prop_baloon_D.prefab using Guid(6f1c068ed03fc3149b8e09cd64181d37) Importer(2089858483,192608db42251d675da83286b1cce702) (ScriptedImporter) -> (artifact id: 'b38d113a0df9b8096f31ffc4a8b3fb34') in 0.0574368 seconds
Number of updated asset objects reloaded before import = 0Number of asset objects unloaded after import = 8

========================================================================
Received Import Request.
  Time since last request: 0.000037 seconds.
  path: Assets/Samples/XR Interaction Toolkit/3.2.2/Starter Assets/Shaders/BiRP_Fresnel.shader
  artifactKey: Guid(b24c216c4acb0094c892a61dfbbb76b4) Importer(2089858483,192608db42251d675da83286b1cce702)
Start importing Assets/Samples/XR Interaction Toolkit/3.2.2/Starter Assets/Shaders/BiRP_Fresnel.shader using Guid(b24c216c4acb0094c892a61dfbbb76b4) Importer(2089858483,192608db42251d675da83286b1cce702) (ScriptedImporter) -> (artifact id: '32f633d6159f7a5bd7c6a2eaf9565392') in 0.0334897 seconds
Number of updated asset objects reloaded before import = 0Number of asset objects unloaded after import = 1

========================================================================
Received Import Request.
  Time since last request: 0.000017 seconds.
  path: Assets/Samples/XR Interaction Toolkit/3.2.2/Starter Assets/DemoSceneAssets/Models/Primitive_Pyramid.fbx
  artifactKey: Guid(63e02ddb08ce42da868504e1333d48ae) Importer(2089858483,192608db42251d675da83286b1cce702)
Start importing Assets/Samples/XR Interaction Toolkit/3.2.2/Starter Assets/DemoSceneAssets/Models/Primitive_Pyramid.fbx using Guid(63e02ddb08ce42da868504e1333d48ae) Importer(2089858483,192608db42251d675da83286b1cce702) (ScriptedImporter) -> (artifact id: 'd485c37b95c7ca25e80db996e4811932') in 0.038194 seconds
Number of updated asset objects reloaded before import = 0Number of asset objects unloaded after import = 9

========================================================================
Received Import Request.
  Time since last request: 0.000023 seconds.
  path: Assets/Samples/XR Interaction Toolkit/3.2.2/Starter Assets/Scripts/PermissionsManager.cs
  artifactKey: Guid(4f62c7b7418ee024aa16285921e63d56) Importer(2089858483,192608db42251d675da83286b1cce702)
Start importing Assets/Samples/XR Interaction Toolkit/3.2.2/Starter Assets/Scripts/PermissionsManager.cs using Guid(4f62c7b7418ee024aa16285921e63d56) Importer(2089858483,192608db42251d675da83286b1cce702) (ScriptedImporter) -> (artifact id: 'ca85ea03b1a8e38a6a6ee31a6baea582') in 0.0274107 seconds
Number of updated asset objects reloaded before import = 0Number of asset objects unloaded after import = 0

========================================================================
Received Import Request.
  Time since last request: 0.000018 seconds.
  path: Assets/CartoonTracksPack1/Track1/Prefabs/Props/Barriers/prop_barrier_1M.prefab
  artifactKey: Guid(3ba73b0c3a2c78843b97c97f6c4b7c73) Importer(2089858483,192608db42251d675da83286b1cce702)
Start importing Assets/CartoonTracksPack1/Track1/Prefabs/Props/Barriers/prop_barrier_1M.prefab using Guid(3ba73b0c3a2c78843b97c97f6c4b7c73) Importer(2089858483,192608db42251d675da83286b1cce702) (ScriptedImporter) -> (artifact id: '70a68a14a5a62e9e24930d52587b2f87') in 0.0568143 seconds
Number of updated asset objects reloaded before import = 0Number of asset objects unloaded after import = 8

========================================================================
Received Import Request.
  Time since last request: 0.000020 seconds.
  path: Assets/Samples/XR Interaction Toolkit/3.2.2/XR Interaction Simulator/Scripts/XRInteractionSimulatorPlayModeMenu.cs
  artifactKey: Guid(cc8177f906fb249e0aaf332f7afba347) Importer(2089858483,192608db42251d675da83286b1cce702)
Start importing Assets/Samples/XR Interaction Toolkit/3.2.2/XR Interaction Simulator/Scripts/XRInteractionSimulatorPlayModeMenu.cs using Guid(cc8177f906fb249e0aaf332f7afba347) Importer(2089858483,192608db42251d675da83286b1cce702) (ScriptedImporter) -> (artifact id: '94f0a171193ccdb114484b10089a1c9b') in 0.0315018 seconds
Number of updated asset objects reloaded before import = 0Number of asset objects unloaded after import = 0

========================================================================
Received Import Request.
  Time since last request: 0.000030 seconds.
  path: Assets/CartoonTracksPack1/Track1/Meshes/Prefab_Meshes/prop_tyre_4x8.FBX
  artifactKey: Guid(c005ea860d379c24db4b36fb58235c7c) Importer(2089858483,192608db42251d675da83286b1cce702)
Start importing Assets/CartoonTracksPack1/Track1/Meshes/Prefab_Meshes/prop_tyre_4x8.FBX using Guid(c005ea860d379c24db4b36fb58235c7c) Importer(2089858483,192608db42251d675da83286b1cce702) (ScriptedImporter) -> (artifact id: '61c8e8ebe71ebf747987553097097cbf') in 0.0432227 seconds
Number of updated asset objects reloaded before import = 0Number of asset objects unloaded after import = 9

========================================================================
Received Prepare
Begin MonoManager ReloadAssembly
[Licensing::Client] Successfully resolved entitlement details
- Loaded All Assemblies, in  8.035 seconds
Refreshing native plugins compatible for Editor in 7.48 ms, found 9 plugins.
Native extension for Android target not found
Native extension for WindowsStandalone target not found
Native extension for WebGL target not found
[Package Manager] Failed to launch server process. Reason: Unity was launched with the -noUpm command-line argument
[Package Manager] Unable to send message (not connected to server process).
[Package Manager] Cannot connect to Unity Package Manager local server
Mono: successfully reloaded assembly
[Package Manager] Failed to launch server process. Reason: Unity was launched with the -noUpm command-line argument
[Package Manager] Unable to send message (not connected to server process).
[Package Manager] Cannot connect to Unity Package Manager local server
- Finished resetting the current domain, in  1.867 seconds
Domain Reload Profiling: 9905ms
	BeginReloadAssembly (1218ms)
		ExecutionOrderSort (0ms)
		DisableScriptedObjects (31ms)
		BackupInstance (0ms)
		ReleaseScriptingObjects (1ms)
		CreateAndSetChildDomain (191ms)
	RebuildCommonClasses (273ms)
	RebuildNativeTypeToScriptingClass (13ms)
	initialDomainReloadingComplete (37ms)
	LoadAllAssembliesAndSetupDomain (6496ms)
		LoadAssemblies (7058ms)
		RebuildTransferFunctionScriptingTraits (0ms)
		AnalyzeDomain (297ms)
			TypeCache.Refresh (13ms)
				TypeCache.ScanAssembly (0ms)
			BuildScriptInfoCaches (258ms)
			ResolveRequiredComponents (18ms)
	FinalizeReload (1868ms)
		ReleaseScriptCaches (0ms)
		RebuildScriptCaches (0ms)
		SetupLoadedEditorAssemblies (1531ms)
			LogAssemblyErrors (0ms)
			InitializePlatformSupportModulesInManaged (20ms)
			SetLoadedEditorAssemblies (9ms)
			BeforeProcessingInitializeOnLoad (225ms)
			ProcessInitializeOnLoadAttributes (969ms)
			ProcessInitializeOnLoadMethodAttributes (297ms)
			AfterProcessingInitializeOnLoad (11ms)
			EditorAssembliesLoaded (1ms)
		ExecutionOrderSort2 (0ms)
		AwakeInstancesAfterBackupRestoration (41ms)
Refreshing native plugins compatible for Editor in 9.67 ms, found 9 plugins.
Preloading 0 native plugins for Editor in 0.00 ms.
Unloading 14 Unused Serialized files (Serialized files now loaded: 0)
Unloading 7261 unused Assets / (5.6 MB). Loaded Objects now: 8001.
Memory consumption went from 214.4 MB to 208.9 MB.
Total: 11.123800 ms (FindLiveObjects: 0.612000 ms CreateObjectMapping: 0.442200 ms MarkObjects: 6.455300 ms  DeleteObjects: 3.612800 ms)

Prepare: number of updated asset objects reloaded= 0
========================================================================
Received Prepare
Begin MonoManager ReloadAssembly
[Licensing::Client] Successfully resolved entitlement details
- Loaded All Assemblies, in  0.889 seconds
Refreshing native plugins compatible for Editor in 10.19 ms, found 9 plugins.
Native extension for Android target not found
Native extension for WindowsStandalone target not found
Native extension for WebGL target not found
[Package Manager] Failed to launch server process. Reason: Unity was launched with the -noUpm command-line argument
[Package Manager] Unable to send message (not connected to server process).
[Package Manager] Cannot connect to Unity Package Manager local server
Mono: successfully reloaded assembly
[Package Manager] Failed to launch server process. Reason: Unity was launched with the -noUpm command-line argument
[Package Manager] Unable to send message (not connected to server process).
[Package Manager] Cannot connect to Unity Package Manager local server
- Finished resetting the current domain, in  1.074 seconds
Domain Reload Profiling: 1965ms
	BeginReloadAssembly (248ms)
		ExecutionOrderSort (1ms)
		DisableScriptedObjects (10ms)
		BackupInstance (0ms)
		ReleaseScriptingObjects (0ms)
		CreateAndSetChildDomain (50ms)
	RebuildCommonClasses (49ms)
	RebuildNativeTypeToScriptingClass (16ms)
	initialDomainReloadingComplete (28ms)
	LoadAllAssembliesAndSetupDomain (548ms)
		LoadAssemblies (421ms)
		RebuildTransferFunctionScriptingTraits (0ms)
		AnalyzeDomain (247ms)
			TypeCache.Refresh (9ms)
				TypeCache.ScanAssembly (0ms)
			BuildScriptInfoCaches (217ms)
			ResolveRequiredComponents (15ms)
	FinalizeReload (1075ms)
		ReleaseScriptCaches (0ms)
		RebuildScriptCaches (0ms)
		SetupLoadedEditorAssemblies (871ms)
			LogAssemblyErrors (0ms)
			InitializePlatformSupportModulesInManaged (15ms)
			SetLoadedEditorAssemblies (5ms)
			BeforeProcessingInitializeOnLoad (180ms)
			ProcessInitializeOnLoadAttributes (535ms)
			ProcessInitializeOnLoadMethodAttributes (129ms)
			AfterProcessingInitializeOnLoad (6ms)
			EditorAssembliesLoaded (0ms)
		ExecutionOrderSort2 (0ms)
		AwakeInstancesAfterBackupRestoration (18ms)
Refreshing native plugins compatible for Editor in 5.88 ms, found 9 plugins.
Preloading 0 native plugins for Editor in 0.00 ms.
Unloading 13 Unused Serialized files (Serialized files now loaded: 0)
Unloading 7255 unused Assets / (7.4 MB). Loaded Objects now: 8004.
Memory consumption went from 214.1 MB to 206.7 MB.
Total: 9.372500 ms (FindLiveObjects: 0.530800 ms CreateObjectMapping: 0.351200 ms MarkObjects: 4.354400 ms  DeleteObjects: 4.134700 ms)

Prepare: number of updated asset objects reloaded= 0
========================================================================
Received Prepare
Begin MonoManager ReloadAssembly
[Licensing::Client] Successfully resolved entitlement details
- Loaded All Assemblies, in  0.950 seconds
Refreshing native plugins compatible for Editor in 7.79 ms, found 9 plugins.
Native extension for Android target not found
Native extension for WindowsStandalone target not found
Native extension for WebGL target not found
[Package Manager] Failed to launch server process. Reason: Unity was launched with the -noUpm command-line argument
[Package Manager] Unable to send message (not connected to server process).
[Package Manager] Cannot connect to Unity Package Manager local server
Mono: successfully reloaded assembly
[Package Manager] Failed to launch server process. Reason: Unity was launched with the -noUpm command-line argument
[Package Manager] Unable to send message (not connected to server process).
[Package Manager] Cannot connect to Unity Package Manager local server
- Finished resetting the current domain, in  1.122 seconds
Domain Reload Profiling: 2071ms
	BeginReloadAssembly (246ms)
		ExecutionOrderSort (0ms)
		DisableScriptedObjects (8ms)
		BackupInstance (0ms)
		ReleaseScriptingObjects (0ms)
		CreateAndSetChildDomain (60ms)
	RebuildCommonClasses (41ms)
	RebuildNativeTypeToScriptingClass (15ms)
	initialDomainReloadingComplete (42ms)
	LoadAllAssembliesAndSetupDomain (605ms)
		LoadAssemblies (435ms)
		RebuildTransferFunctionScriptingTraits (0ms)
		AnalyzeDomain (277ms)
			TypeCache.Refresh (9ms)
				TypeCache.ScanAssembly (0ms)
			BuildScriptInfoCaches (239ms)
			ResolveRequiredComponents (22ms)
	FinalizeReload (1122ms)
		ReleaseScriptCaches (0ms)
		RebuildScriptCaches (0ms)
		SetupLoadedEditorAssemblies (876ms)
			LogAssemblyErrors (0ms)
			InitializePlatformSupportModulesInManaged (12ms)
			SetLoadedEditorAssemblies (5ms)
			BeforeProcessingInitializeOnLoad (167ms)
			ProcessInitializeOnLoadAttributes (551ms)
			ProcessInitializeOnLoadMethodAttributes (135ms)
			AfterProcessingInitializeOnLoad (6ms)
			EditorAssembliesLoaded (0ms)
		ExecutionOrderSort2 (0ms)
		AwakeInstancesAfterBackupRestoration (27ms)
Refreshing native plugins compatible for Editor in 7.36 ms, found 9 plugins.
Preloading 0 native plugins for Editor in 0.00 ms.
Unloading 13 Unused Serialized files (Serialized files now loaded: 0)
Unloading 7255 unused Assets / (6.8 MB). Loaded Objects now: 8007.
Memory consumption went from 214.2 MB to 207.4 MB.
Total: 10.119400 ms (FindLiveObjects: 0.611500 ms CreateObjectMapping: 0.385200 ms MarkObjects: 5.604400 ms  DeleteObjects: 3.516200 ms)

Prepare: number of updated asset objects reloaded= 0
========================================================================
Received Import Request.
  Time since last request: 8046.116237 seconds.
  path: Assets/TDG Kiddy Rides/Prefabs/Bin.prefab
  artifactKey: Guid(c731c4d015976a4438992cbf4a1ca71e) Importer(815301076,1909f56bfc062723c751e8b465ee728b)
Start importing Assets/TDG Kiddy Rides/Prefabs/Bin.prefab using Guid(c731c4d015976a4438992cbf4a1ca71e) Importer(815301076,1909f56bfc062723c751e8b465ee728b) (PreviewImporter) -> (artifact id: '88caf6c542fd0ef5dc48ee9a34803c6f') in 0.7765938 seconds
Number of updated asset objects reloaded before import = 0Number of asset objects unloaded after import = 19

========================================================================
Received Import Request.
  Time since last request: 0.000029 seconds.
  path: Assets/TDG Kiddy Rides/Prefabs/Curb.prefab
  artifactKey: Guid(b604c8b30f93a34478c046b595a5bf71) Importer(815301076,1909f56bfc062723c751e8b465ee728b)
Start importing Assets/TDG Kiddy Rides/Prefabs/Curb.prefab using Guid(b604c8b30f93a34478c046b595a5bf71) Importer(815301076,1909f56bfc062723c751e8b465ee728b) (PreviewImporter) -> (artifact id: 'fd1c7ea8815408f70cd7bc420203b377') in 0.027035 seconds
Number of updated asset objects reloaded before import = 0Number of asset objects unloaded after import = 13

========================================================================
Received Import Request.
  Time since last request: 0.000044 seconds.
  path: Assets/TDG Kiddy Rides/Prefabs/Plane 2.prefab
  artifactKey: Guid(3bd99ea7c123d354fb7dac29fe5b230f) Importer(815301076,1909f56bfc062723c751e8b465ee728b)
Start importing Assets/TDG Kiddy Rides/Prefabs/Plane 2.prefab using Guid(3bd99ea7c123d354fb7dac29fe5b230f) Importer(815301076,1909f56bfc062723c751e8b465ee728b) (PreviewImporter) -> (artifact id: 'f0a9b6a85af17da68ee7f993d21c2f4d') in 0.1889189 seconds
Number of updated asset objects reloaded before import = 0Number of asset objects unloaded after import = 84

========================================================================
Received Import Request.
  Time since last request: 0.000031 seconds.
  path: Assets/TDG Kiddy Rides/Prefabs/Motorcycle.prefab
  artifactKey: Guid(43aa11631c440864caf49deac02a51c5) Importer(815301076,1909f56bfc062723c751e8b465ee728b)
Start importing Assets/TDG Kiddy Rides/Prefabs/Motorcycle.prefab using Guid(43aa11631c440864caf49deac02a51c5) Importer(815301076,1909f56bfc062723c751e8b465ee728b) (PreviewImporter) -> (artifact id: 'afc2e33da16604fc2c73e9ca6caded4b') in 0.0940797 seconds
Number of updated asset objects reloaded before import = 0Number of asset objects unloaded after import = 83

========================================================================
Received Import Request.
  Time since last request: 0.000046 seconds.
  path: Assets/TDG Kiddy Rides/Prefabs/Fire Engine.prefab
  artifactKey: Guid(89e5000f47e77a641b9dbef1f03827b4) Importer(815301076,1909f56bfc062723c751e8b465ee728b)
Start importing Assets/TDG Kiddy Rides/Prefabs/Fire Engine.prefab using Guid(89e5000f47e77a641b9dbef1f03827b4) Importer(815301076,1909f56bfc062723c751e8b465ee728b) (PreviewImporter) -> (artifact id: '95865e2fa1b4c92205ea4758a5a0b3b9') in 3.4058227 seconds
Number of updated asset objects reloaded before import = 0Number of asset objects unloaded after import = 378

========================================================================
Received Import Request.
  Time since last request: 0.000032 seconds.
  path: Assets/TDG Kiddy Rides/Prefabs/F1 Car.prefab
  artifactKey: Guid(145eeda9abdf2484ab8a7bc0e036da2e) Importer(815301076,1909f56bfc062723c751e8b465ee728b)
Start importing Assets/TDG Kiddy Rides/Prefabs/F1 Car.prefab using Guid(145eeda9abdf2484ab8a7bc0e036da2e) Importer(815301076,1909f56bfc062723c751e8b465ee728b) (PreviewImporter) -> (artifact id: '856c631c505c70ccad6de89d2e2832ed') in 0.1735825 seconds
Number of updated asset objects reloaded before import = 0Number of asset objects unloaded after import = 89

========================================================================
Received Import Request.
  Time since last request: 0.000079 seconds.
  path: Assets/TDG Kiddy Rides/Prefabs/Train.prefab
  artifactKey: Guid(f1413be8f3c7d5c4ea49081a0475e418) Importer(815301076,1909f56bfc062723c751e8b465ee728b)
Start importing Assets/TDG Kiddy Rides/Prefabs/Train.prefab using Guid(f1413be8f3c7d5c4ea49081a0475e418) Importer(815301076,1909f56bfc062723c751e8b465ee728b) (PreviewImporter) -> (artifact id: 'caff376c02b16fc5a64f2c5f72587871') in 0.1238906 seconds
Number of updated asset objects reloaded before import = 0Number of asset objects unloaded after import = 234

========================================================================
Received Import Request.
  Time since last request: 0.000054 seconds.
  path: Assets/TDG Kiddy Rides/Prefabs/CoinDrop.prefab
  artifactKey: Guid(cade5e6563c00704cbe1a11dc1f366de) Importer(815301076,1909f56bfc062723c751e8b465ee728b)
Start importing Assets/TDG Kiddy Rides/Prefabs/CoinDrop.prefab using Guid(cade5e6563c00704cbe1a11dc1f366de) Importer(815301076,1909f56bfc062723c751e8b465ee728b) (PreviewImporter) -> (artifact id: '9401c4bb115258375f05256de771c127') in 0.0518839 seconds
Number of updated asset objects reloaded before import = 0Number of asset objects unloaded after import = 19

========================================================================
Received Import Request.
  Time since last request: 0.000031 seconds.
  path: Assets/TDG Kiddy Rides/Prefabs/Orb.prefab
  artifactKey: Guid(386730e5ec9ba2e4b8da464ee89d6be3) Importer(815301076,1909f56bfc062723c751e8b465ee728b)
Start importing Assets/TDG Kiddy Rides/Prefabs/Orb.prefab using Guid(386730e5ec9ba2e4b8da464ee89d6be3) Importer(815301076,1909f56bfc062723c751e8b465ee728b) (PreviewImporter) -> (artifact id: '56bedda103c840a9766a101ab36d8856') in 0.1028418 seconds
Number of updated asset objects reloaded before import = 0Number of asset objects unloaded after import = 69

========================================================================
Received Import Request.
  Time since last request: 10.678565 seconds.
  path: Assets/TDG Kiddy Rides/Models/Coin Drop.fbx
  artifactKey: Guid(db1dcd3039bb23a4a8a147051762a8d2) Importer(815301076,1909f56bfc062723c751e8b465ee728b)
Start importing Assets/TDG Kiddy Rides/Models/Coin Drop.fbx using Guid(db1dcd3039bb23a4a8a147051762a8d2) Importer(815301076,1909f56bfc062723c751e8b465ee728b) (PreviewImporter) -> (artifact id: 'eff907d1f3efbecbbfd5a89ce49c6881') in 0.5692422 seconds
Number of updated asset objects reloaded before import = 0Number of asset objects unloaded after import = 11

========================================================================
Received Import Request.
  Time since last request: 0.000031 seconds.
  path: Assets/TDG Kiddy Rides/Models/VendingMachine.fbx
  artifactKey: Guid(82e887a4e220c554abbb1202f46b3289) Importer(815301076,1909f56bfc062723c751e8b465ee728b)
Start importing Assets/TDG Kiddy Rides/Models/VendingMachine.fbx using Guid(82e887a4e220c554abbb1202f46b3289) Importer(815301076,1909f56bfc062723c751e8b465ee728b) (PreviewImporter) -> (artifact id: '65e59299ba61774eb58acd58bf5a0bfe') in 0.1001924 seconds
Number of updated asset objects reloaded before import = 0Number of asset objects unloaded after import = 27

========================================================================
Received Import Request.
  Time since last request: 0.000034 seconds.
  path: Assets/TDG Kiddy Rides/Models/Motorcycle.fbx
  artifactKey: Guid(ef3af060da8e6294fa1bdfa5f4cc5b03) Importer(815301076,1909f56bfc062723c751e8b465ee728b)
Start importing Assets/TDG Kiddy Rides/Models/Motorcycle.fbx using Guid(ef3af060da8e6294fa1bdfa5f4cc5b03) Importer(815301076,1909f56bfc062723c751e8b465ee728b) (PreviewImporter) -> (artifact id: '5591ef0018526e88f946c106662547d5') in 0.1421118 seconds
Number of updated asset objects reloaded before import = 0Number of asset objects unloaded after import = 45

========================================================================
Received Import Request.
  Time since last request: 0.000027 seconds.
  path: Assets/TDG Kiddy Rides/Models/FireEngine.fbx
  artifactKey: Guid(b2dca12946b13b243a87be3166c01bf0) Importer(815301076,1909f56bfc062723c751e8b465ee728b)
Start importing Assets/TDG Kiddy Rides/Models/FireEngine.fbx using Guid(b2dca12946b13b243a87be3166c01bf0) Importer(815301076,1909f56bfc062723c751e8b465ee728b) (PreviewImporter) -> (artifact id: '6ed2dc7cda4e5fdc86666d0e30484575') in 0.41896 seconds
Number of updated asset objects reloaded before import = 0Number of asset objects unloaded after import = 211

========================================================================
Received Import Request.
  Time since last request: 0.000035 seconds.
  path: Assets/TDG Kiddy Rides/Models/Poster3.fbx
  artifactKey: Guid(f13e577175d9dce4e85b4fbfed9b889a) Importer(815301076,1909f56bfc062723c751e8b465ee728b)
Start importing Assets/TDG Kiddy Rides/Models/Poster3.fbx using Guid(f13e577175d9dce4e85b4fbfed9b889a) Importer(815301076,1909f56bfc062723c751e8b465ee728b) (PreviewImporter) -> (artifact id: '36b1a42714c4ee0c40a69951a0b1b472') in 0.0457112 seconds
Number of updated asset objects reloaded before import = 0Number of asset objects unloaded after import = 9

Editor requested this worker to shutdown with reason: Scaling down because of idle timeout
AssetImportWorkerClient::OnTransportError - code=2 error=End of file
AssetImportWorker is now disconnected from the server
Process exiting
Exiting without the bug reporter. Application will terminate with return code 0