[Licensing::Module] Trying to connect to existing licensing client channel...
Built from '6000.2/staging' branch; Version is '6000.2.13f1 (abdb44fca7f7) revision 11262788'; Using compiler version '194234433'; Build Type 'Release'
OS: 'Windows 11  (10.0.26200) 64bit Professional' Language: 'ro' Physical Memory: 16087 MB
BatchMode: 1, IsHumanControllingUs: 0, StartBugReporterOnCrash: 0, Is64bit: 1
Date: 2025-12-08T19:06:56Z
[Licensing::IpcConnector] Successfully connected to: "LicenseClient-Adriana" at "2025-12-08T19:06:56.2969793Z"

COMMAND LINE ARGUMENTS:
C:\Program Files\Unity\Hub\Editor\6000.2.13f1\Editor\Unity.exe
-adb2
-batchMode
-noUpm
-name
AssetImportWorker2
-projectPath
C:/Users/Adriana/MotoRace
-logFile
Logs/AssetImportWorker2.log
-srvPort
49630
-licensingIpc
LicenseClient-Adriana
-job-worker-count
7
-background-job-worker-count
8
-gc-helper-count
1
-name
AssetImport
Successfully changed project path to: C:/Users/Adriana/MotoRace
C:/Users/Adriana/MotoRace
[UnityMemory] Configuration Parameters - Can be set up in boot.config
    "memorysetup-allocator-temp-initial-block-size-main=262144"
    "memorysetup-allocator-temp-initial-block-size-worker=262144"
    "memorysetup-bucket-allocator-granularity=16"
    "memorysetup-bucket-allocator-bucket-count=8"
    "memorysetup-bucket-allocator-block-size=33554432"
    "memorysetup-bucket-allocator-block-count=8"
    "memorysetup-main-allocator-block-size=16777216"
    "memorysetup-thread-allocator-block-size=16777216"
    "memorysetup-gfx-main-allocator-block-size=16777216"
    "memorysetup-gfx-thread-allocator-block-size=16777216"
    "memorysetup-cache-allocator-block-size=4194304"
    "memorysetup-typetree-allocator-block-size=2097152"
    "memorysetup-profiler-bucket-allocator-granularity=16"
    "memorysetup-profiler-bucket-allocator-bucket-count=8"
    "memorysetup-profiler-bucket-allocator-block-size=33554432"
    "memorysetup-profiler-bucket-allocator-block-count=8"
    "memorysetup-profiler-allocator-block-size=16777216"
    "memorysetup-profiler-editor-allocator-block-size=1048576"
    "memorysetup-temp-allocator-size-main=16777216"
    "memorysetup-job-temp-allocator-block-size=2097152"
    "memorysetup-job-temp-allocator-block-size-background=1048576"
    "memorysetup-job-temp-allocator-reduction-small-platforms=262144"
    "memorysetup-temp-allocator-size-background-worker=32768"
    "memorysetup-temp-allocator-size-job-worker=262144"
    "memorysetup-temp-allocator-size-preload-manager=33554432"
    "memorysetup-temp-allocator-size-nav-mesh-worker=65536"
    "memorysetup-temp-allocator-size-audio-worker=65536"
    "memorysetup-temp-allocator-size-cloud-worker=32768"
    "memorysetup-temp-allocator-size-gi-baking-worker=262144"
    "memorysetup-temp-allocator-size-gi-baking-worker=262144"
    "memorysetup-temp-allocator-size-gi-baking-worker=262144"
    "memorysetup-temp-allocator-size-gi-baking-worker=262144"
    "memorysetup-temp-allocator-size-gi-baking-worker=262144"
    "memorysetup-temp-allocator-size-gfx=262144"
Player connection [43652]  Target information:

Player connection [43652]  * "[IP] 192.168.56.1 [Port] 0 [Flags] 2 [Guid] 1457550014 [EditorId] 1457550014 [Version] 1048832 [Id] WindowsEditor(7,DESKTOP-2IJ2LRL) [Debug] 1 [PackageName] WindowsEditor [ProjectName] Editor" 

Player connection [43652]  * "[IP] 172.17.113.227 [Port] 0 [Flags] 2 [Guid] 1457550014 [EditorId] 1457550014 [Version] 1048832 [Id] WindowsEditor(7,DESKTOP-2IJ2LRL) [Debug] 1 [PackageName] WindowsEditor [ProjectName] Editor" 

Player connection [43652] Host joined multi-casting on [225.0.0.222:54997]...
Player connection [43652] Host joined alternative multi-casting on [225.0.0.222:34997]...
JobSystem: Creating JobQueue using job-worker-count value 7
Input System module state changed to: Initialized.
[Physics::Module] Initialized fallback backend.
[Physics::Module] Id: 0xdecafbad
Library Redirect Path: Library/
[Physics::Module] Selected backend.
[Physics::Module] Name: PhysX
[Physics::Module] Id: 0xf2b8ea05
[Physics::Module] SDK Version: 4.1.2
[Physics::Module] Integration Version: 1.0.0
[Physics::Module] Threading Mode: Multi-Threaded
Refreshing native plugins compatible for Editor in 18.36 ms, found 9 plugins.
Preloading 0 native plugins for Editor in 0.00 ms.
Initialize engine version: 6000.2.13f1 (abdb44fca7f7)
[Subsystems] Discovering subsystems at path C:/Program Files/Unity/Hub/Editor/6000.2.13f1/Editor/Data/Resources/UnitySubsystems
[Subsystems] Discovering subsystems at path C:/Users/Adriana/MotoRace/Assets
GfxDevice: creating device client; kGfxThreadingModeNonThreaded
Direct3D:
    Version:  Direct3D 11.0 [level 11.1]
    Renderer: NVIDIA GeForce RTX 4050 Laptop GPU (ID=0x28a1)
    Vendor:   NVIDIA
    VRAM:     5921 MB
    Driver:   32.0.15.8180
Initialize mono
Mono path[0] = 'C:/Program Files/Unity/Hub/Editor/6000.2.13f1/Editor/Data/Managed'
Mono path[1] = 'C:/Program Files/Unity/Hub/Editor/6000.2.13f1/Editor/Data/MonoBleedingEdge/lib/mono/unityjit-win32'
Mono config path = 'C:/Program Files/Unity/Hub/Editor/6000.2.13f1/Editor/Data/MonoBleedingEdge/etc'
Using monoOptions --debugger-agent=transport=dt_socket,embedding=1,server=y,suspend=n,address=127.0.0.1:56128
Begin MonoManager ReloadAssembly
Registering precompiled unity dll's ...
Register platform support module: C:/Program Files/Unity/Hub/Editor/6000.2.13f1/Editor/Data/PlaybackEngines/WebGLSupport/UnityEditor.WebGL.Extensions.dll
Register platform support module: C:/Program Files/Unity/Hub/Editor/6000.2.13f1/Editor/Data/PlaybackEngines/WindowsStandaloneSupport/UnityEditor.WindowsStandalone.Extensions.dll
[Licensing::Module] Licensing is not yet initialized.
[Licensing::Client] Error: HandshakeResponse reported an error:
	ResponseCode: 505
	ResponseStatus: Unsupported protocol version '1.17.4'.
[Licensing::Module] Error: Failed to handshake to channel: "LicenseClient-Adriana"
[Licensing::IpcConnector] LicenseClient-Adriana channel disconnected successfully.
[Licensing::IpcConnector] Successfully connected to: "LicenseClient-Adriana-6000.2.13" at "2025-12-08T19:06:57.6782783Z"
[Licensing::Client] Handshaking with LicensingClient:
  Version:                 1.17.4+4293ba1
  Session Id:              d25e92431ec44cd586978897564e7936
  Correlation Id:          6da42f477ab7b187321330114f77d0db
  External correlation Id: 7265654846281287135
  Machine Id:              Nn+Q6OZ7DqwZ5OdXX1Tctp1pyMY=
[Licensing::Module] Successfully connected to LicensingClient on channel: "LicenseClient-Adriana-6000.2.13" (connect: 0.00s, validation: 0.00s, handshake: 1.11s)
[Licensing::IpcConnector] Successfully connected to: "LicenseClient-Adriana-6000.2.13-notifications" at "2025-12-08T19:06:58.7900338Z"
[Licensing::Module] Licensing Background thread has ended after 2.49s
[Licensing::Module] Licensing is initialized (took 1.40s).
[Licensing::Client] Successfully resolved entitlement details
[Licensing::Module] License group:
  Id: 7972505243881-UnityPersXXXX
  Product: Unity Personal
  Type: Assigned
  Expiration: Unlimited
Register platform support module: C:/Program Files/Unity/Hub/Editor/6000.2.13f1/Editor/Data/PlaybackEngines/AndroidPlayer/UnityEditor.Android.Extensions.dll
Registered in 1.406384 seconds.
- Loaded All Assemblies, in  1.979 seconds
Native extension for Android target not found
Android Extension - Scanning For ADB Devices 344 ms
Native extension for WindowsStandalone target not found
Native extension for WebGL target not found
Mono: successfully reloaded assembly
- Finished resetting the current domain, in  0.956 seconds
Domain Reload Profiling: 2933ms
	BeginReloadAssembly (232ms)
		ExecutionOrderSort (0ms)
		DisableScriptedObjects (0ms)
		BackupInstance (0ms)
		ReleaseScriptingObjects (0ms)
		CreateAndSetChildDomain (1ms)
	RebuildCommonClasses (60ms)
	RebuildNativeTypeToScriptingClass (20ms)
	initialDomainReloadingComplete (1465ms)
	LoadAllAssembliesAndSetupDomain (199ms)
		LoadAssemblies (231ms)
		RebuildTransferFunctionScriptingTraits (0ms)
		AnalyzeDomain (193ms)
			TypeCache.Refresh (191ms)
				TypeCache.ScanAssembly (175ms)
			BuildScriptInfoCaches (0ms)
			ResolveRequiredComponents (1ms)
	FinalizeReload (957ms)
		ReleaseScriptCaches (0ms)
		RebuildScriptCaches (0ms)
		SetupLoadedEditorAssemblies (893ms)
			LogAssemblyErrors (0ms)
			InitializePlatformSupportModulesInManaged (501ms)
			SetLoadedEditorAssemblies (5ms)
			BeforeProcessingInitializeOnLoad (116ms)
			ProcessInitializeOnLoadAttributes (199ms)
			ProcessInitializeOnLoadMethodAttributes (71ms)
			AfterProcessingInitializeOnLoad (0ms)
			EditorAssembliesLoaded (0ms)
		ExecutionOrderSort2 (0ms)
		AwakeInstancesAfterBackupRestoration (0ms)
========================================================================
Worker process is ready to serve import requests
Import Worker Mode flag is 0x00
Begin MonoManager ReloadAssembly
[Licensing::Client] Successfully resolved entitlement details
- Loaded All Assemblies, in  1.129 seconds
Refreshing native plugins compatible for Editor in 5.90 ms, found 9 plugins.
Native extension for Android target not found
Native extension for WindowsStandalone target not found
Native extension for WebGL target not found
Package Manager log level set to [2]
[Package Manager] Failed to launch server process. Reason: Unity was launched with the -noUpm command-line argument
[Package Manager] Unable to send message (not connected to server process).
[Package Manager] Cannot connect to Unity Package Manager local server
Mono: successfully reloaded assembly
[Package Manager] Failed to launch server process. Reason: Unity was launched with the -noUpm command-line argument
[Package Manager] Unable to send message (not connected to server process).
[Package Manager] Cannot connect to Unity Package Manager local server
[Package Manager] Failed to launch server process. Reason: Unity was launched with the -noUpm command-line argument
[Package Manager] Unable to send message (not connected to server process).
[Package Manager] Cannot connect to Unity Package Manager local server
- Finished resetting the current domain, in  1.232 seconds
Domain Reload Profiling: 2356ms
	BeginReloadAssembly (216ms)
		ExecutionOrderSort (0ms)
		DisableScriptedObjects (6ms)
		BackupInstance (0ms)
		ReleaseScriptingObjects (0ms)
		CreateAndSetChildDomain (34ms)
	RebuildCommonClasses (58ms)
	RebuildNativeTypeToScriptingClass (17ms)
	initialDomainReloadingComplete (48ms)
	LoadAllAssembliesAndSetupDomain (785ms)
		LoadAssemblies (538ms)
		RebuildTransferFunctionScriptingTraits (0ms)
		AnalyzeDomain (374ms)
			TypeCache.Refresh (276ms)
				TypeCache.ScanAssembly (255ms)
			BuildScriptInfoCaches (78ms)
			ResolveRequiredComponents (15ms)
	FinalizeReload (1232ms)
		ReleaseScriptCaches (0ms)
		RebuildScriptCaches (0ms)
		SetupLoadedEditorAssemblies (911ms)
			LogAssemblyErrors (0ms)
			InitializePlatformSupportModulesInManaged (20ms)
			SetLoadedEditorAssemblies (10ms)
			BeforeProcessingInitializeOnLoad (241ms)
			ProcessInitializeOnLoadAttributes (491ms)
			ProcessInitializeOnLoadMethodAttributes (144ms)
			AfterProcessingInitializeOnLoad (6ms)
			EditorAssembliesLoaded (0ms)
		ExecutionOrderSort2 (0ms)
		AwakeInstancesAfterBackupRestoration (7ms)
Launched and connected shader compiler UnityShaderCompiler.exe after 0.04 seconds
Refreshing native plugins compatible for Editor in 12.02 ms, found 9 plugins.
Preloading 0 native plugins for Editor in 0.00 ms.
Unloading 13 Unused Serialized files (Serialized files now loaded: 0)
Unloading 7258 unused Assets / (4.9 MB). Loaded Objects now: 7974.
Memory consumption went from 144.1 MB to 139.1 MB.
Total: 10.233700 ms (FindLiveObjects: 1.090400 ms CreateObjectMapping: 0.452100 ms MarkObjects: 6.112900 ms  DeleteObjects: 2.576700 ms)

========================================================================
Received Import Request.
  Time since last request: 1070156.880313 seconds.
  path: Assets/ControlMoto.cs
  artifactKey: Guid(0d3b4f10e55e0ca4bb8008ce181a52a6) Importer(2089858483,192608db42251d675da83286b1cce702)
Start importing Assets/ControlMoto.cs using Guid(0d3b4f10e55e0ca4bb8008ce181a52a6) Importer(2089858483,192608db42251d675da83286b1cce702) (ScriptedImporter) -> (artifact id: '151820316336a6392aff35d6908ed1cb') in 0.2462797 seconds
Number of updated asset objects reloaded before import = 0Number of asset objects unloaded after import = 0

========================================================================
Received Import Request.
  Time since last request: 0.277765 seconds.
  path: Assets/ControlMoto.inputactions
  artifactKey: Guid(e80b4ef01b1ced645bf9724a107f8fb8) Importer(2089858483,192608db42251d675da83286b1cce702)
Start importing Assets/ControlMoto.inputactions using Guid(e80b4ef01b1ced645bf9724a107f8fb8) Importer(2089858483,192608db42251d675da83286b1cce702) (ScriptedImporter) -> (artifact id: '1ee28c74e9781fa9589082ccab82a5fe') in 0.2426607 seconds
Number of updated asset objects reloaded before import = 0Number of asset objects unloaded after import = 5

========================================================================
Received Import Request.
  Time since last request: 0.000022 seconds.
  path: Assets/TDG Kiddy Rides/Prefabs/Orb.prefab
  artifactKey: Guid(386730e5ec9ba2e4b8da464ee89d6be3) Importer(2089858483,192608db42251d675da83286b1cce702)
Start importing Assets/TDG Kiddy Rides/Prefabs/Orb.prefab using Guid(386730e5ec9ba2e4b8da464ee89d6be3) Importer(2089858483,192608db42251d675da83286b1cce702) (ScriptedImporter) -> (artifact id: '833925a4276a1faecf5c6316e6281489') in 0.1810567 seconds
Number of updated asset objects reloaded before import = 0Number of asset objects unloaded after import = 38

========================================================================
Received Import Request.
  Time since last request: 0.000043 seconds.
  path: Assets/TDG Kiddy Rides/Models/Coin Drop.fbx
  artifactKey: Guid(db1dcd3039bb23a4a8a147051762a8d2) Importer(2089858483,192608db42251d675da83286b1cce702)
Start importing Assets/TDG Kiddy Rides/Models/Coin Drop.fbx using Guid(db1dcd3039bb23a4a8a147051762a8d2) Importer(2089858483,192608db42251d675da83286b1cce702) (ScriptedImporter) -> (artifact id: 'fc378aab913a497afcf9d2ae6e146b59') in 0.0969242 seconds
Number of updated asset objects reloaded before import = 0Number of asset objects unloaded after import = 11

========================================================================
Received Import Request.
  Time since last request: 0.000021 seconds.
  path: Assets/TDG Kiddy Rides/Scripts/RotatePart.cs
  artifactKey: Guid(3ec92ffbb1ee90b479b3f6ee3675c213) Importer(2089858483,192608db42251d675da83286b1cce702)
Start importing Assets/TDG Kiddy Rides/Scripts/RotatePart.cs using Guid(3ec92ffbb1ee90b479b3f6ee3675c213) Importer(2089858483,192608db42251d675da83286b1cce702) (ScriptedImporter) -> (artifact id: '21abcda875a99d590af8e61212b2d955') in 0.0243016 seconds
Number of updated asset objects reloaded before import = 0Number of asset objects unloaded after import = 0

========================================================================
Received Import Request.
  Time since last request: 0.000015 seconds.
  path: Assets/Animated Hands/Animations/l_hand_fist_anim.fbx
  artifactKey: Guid(7cb2e1480bb51ce4282f540ea3f41d4f) Importer(2089858483,192608db42251d675da83286b1cce702)
Start importing Assets/Animated Hands/Animations/l_hand_fist_anim.fbx using Guid(7cb2e1480bb51ce4282f540ea3f41d4f) Importer(2089858483,192608db42251d675da83286b1cce702) (ScriptedImporter) -> (artifact id: '835e869ef8766ea7c1f930f4e8249122') in 0.0405556 seconds
Number of updated asset objects reloaded before import = 0Number of asset objects unloaded after import = 55

========================================================================
Received Import Request.
  Time since last request: 0.000021 seconds.
  path: Assets/TDG Kiddy Rides/Prefabs/Plane 2.prefab
  artifactKey: Guid(3bd99ea7c123d354fb7dac29fe5b230f) Importer(2089858483,192608db42251d675da83286b1cce702)
Start importing Assets/TDG Kiddy Rides/Prefabs/Plane 2.prefab using Guid(3bd99ea7c123d354fb7dac29fe5b230f) Importer(2089858483,192608db42251d675da83286b1cce702) (ScriptedImporter) -> (artifact id: 'b6c23347042c53a5413b02432e529452') in 0.0673478 seconds
Number of updated asset objects reloaded before import = 0Number of asset objects unloaded after import = 33

========================================================================
Received Import Request.
  Time since last request: 0.000030 seconds.
  path: Assets/TDG Kiddy Rides/Animations/Motorcycle.controller
  artifactKey: Guid(4e60c09744dcae442beebab983183543) Importer(2089858483,192608db42251d675da83286b1cce702)
Start importing Assets/TDG Kiddy Rides/Animations/Motorcycle.controller using Guid(4e60c09744dcae442beebab983183543) Importer(2089858483,192608db42251d675da83286b1cce702) (ScriptedImporter) -> (artifact id: '00ecb3f1316eb86e5d145e81610c1cba') in 0.0698283 seconds
Number of updated asset objects reloaded before import = 0Number of asset objects unloaded after import = 4

========================================================================
Received Import Request.
  Time since last request: 0.000028 seconds.
  path: Assets/Animated Hands/Models/r_hand_skeletal_lowres.fbx
  artifactKey: Guid(d0c255d07fd68f14b94e55d388e7e6bb) Importer(2089858483,192608db42251d675da83286b1cce702)
Start importing Assets/Animated Hands/Models/r_hand_skeletal_lowres.fbx using Guid(d0c255d07fd68f14b94e55d388e7e6bb) Importer(2089858483,192608db42251d675da83286b1cce702) (ScriptedImporter) -> (artifact id: 'ae969b59be6824ca65b773bc51e0ae84') in 0.0569808 seconds
Number of updated asset objects reloaded before import = 0Number of asset objects unloaded after import = 63

========================================================================
Received Import Request.
  Time since last request: 0.000019 seconds.
  path: Assets/TDG Kiddy Rides/Materials/Blue.mat
  artifactKey: Guid(38c9f8b42a9fb004da3c51f801ed20b2) Importer(2089858483,192608db42251d675da83286b1cce702)
Start importing Assets/TDG Kiddy Rides/Materials/Blue.mat using Guid(38c9f8b42a9fb004da3c51f801ed20b2) Importer(2089858483,192608db42251d675da83286b1cce702) (ScriptedImporter) -> (artifact id: 'e5eb14bc0de747409a896dc2f2fcaa8a') in 0.044858 seconds
Number of updated asset objects reloaded before import = 0Number of asset objects unloaded after import = 1

========================================================================
Received Import Request.
  Time since last request: 0.000023 seconds.
  path: Assets/TDG Kiddy Rides/Animations/FireEngine.anim
  artifactKey: Guid(34f5b649217d8814ca3c4e31fbe7e41e) Importer(2089858483,192608db42251d675da83286b1cce702)
Start importing Assets/TDG Kiddy Rides/Animations/FireEngine.anim using Guid(34f5b649217d8814ca3c4e31fbe7e41e) Importer(2089858483,192608db42251d675da83286b1cce702) (ScriptedImporter) -> (artifact id: '72a691ff53c1c0b6ea4b0df3aff4c50e') in 0.0840203 seconds
Number of updated asset objects reloaded before import = 0Number of asset objects unloaded after import = 1

========================================================================
Received Import Request.
  Time since last request: 0.000048 seconds.
  path: Assets/Animated Hands/Animations/Right Hand Animator.controller
  artifactKey: Guid(3338dde1ae80a3b43826deca5c238356) Importer(2089858483,192608db42251d675da83286b1cce702)
Start importing Assets/Animated Hands/Animations/Right Hand Animator.controller using Guid(3338dde1ae80a3b43826deca5c238356) Importer(2089858483,192608db42251d675da83286b1cce702) (ScriptedImporter) -> (artifact id: '23b1edf1b488e876acb39ef2569e841a') in 0.0269076 seconds
Number of updated asset objects reloaded before import = 0Number of asset objects unloaded after import = 7

========================================================================
Received Import Request.
  Time since last request: 0.000023 seconds.
  path: Assets/TDG Kiddy Rides/Materials/White.mat
  artifactKey: Guid(db9026c69e365b94498527c1e8ace5b2) Importer(2089858483,192608db42251d675da83286b1cce702)
Start importing Assets/TDG Kiddy Rides/Materials/White.mat using Guid(db9026c69e365b94498527c1e8ace5b2) Importer(2089858483,192608db42251d675da83286b1cce702) (ScriptedImporter) -> (artifact id: '44d374f496c96aad4e22569986975342') in 0.0518397 seconds
Number of updated asset objects reloaded before import = 0Number of asset objects unloaded after import = 1

========================================================================
Received Import Request.
  Time since last request: 0.000017 seconds.
  path: Assets/TutorialInfo/Scripts/Readme.cs
  artifactKey: Guid(fcf7219bab7fe46a1ad266029b2fee19) Importer(2089858483,192608db42251d675da83286b1cce702)
Start importing Assets/TutorialInfo/Scripts/Readme.cs using Guid(fcf7219bab7fe46a1ad266029b2fee19) Importer(2089858483,192608db42251d675da83286b1cce702) (ScriptedImporter) -> (artifact id: '2c21e8d3f47a610c13027059bb77b737') in 0.0266615 seconds
Number of updated asset objects reloaded before import = 0Number of asset objects unloaded after import = 0

========================================================================
Received Import Request.
  Time since last request: 0.000020 seconds.
  path: Assets/CartoonTracksPack1/Track1/Textures/road_normal.png
  artifactKey: Guid(0f084c45490ec5a4f98bbff289fbd47e) Importer(2089858483,192608db42251d675da83286b1cce702)
Start importing Assets/CartoonTracksPack1/Track1/Textures/road_normal.png using Guid(0f084c45490ec5a4f98bbff289fbd47e) Importer(2089858483,192608db42251d675da83286b1cce702) (ScriptedImporter) -> (artifact id: '034448b99987e979aea7300212fb76f4') in 0.3113026 seconds
Number of updated asset objects reloaded before import = 0Number of asset objects unloaded after import = 1

========================================================================
Received Import Request.
  Time since last request: 0.000033 seconds.
  path: Assets/CartoonTracksPack1/Track1/Textures/grass_2.psd
  artifactKey: Guid(6fe14ad11e27cc842bac818066ee84cc) Importer(2089858483,192608db42251d675da83286b1cce702)
Start importing Assets/CartoonTracksPack1/Track1/Textures/grass_2.psd using Guid(6fe14ad11e27cc842bac818066ee84cc) Importer(2089858483,192608db42251d675da83286b1cce702) (ScriptedImporter) -> (artifact id: '7b345459c6ef7f03a06b49922c3cc151') in 0.0685242 seconds
Number of updated asset objects reloaded before import = 0Number of asset objects unloaded after import = 1

========================================================================
Received Import Request.
  Time since last request: 0.000019 seconds.
  path: Assets/TDG Kiddy Rides/Animations/Motorcycle.anim
  artifactKey: Guid(2a22bd5ee5673e94aaaa9e4245736a52) Importer(2089858483,192608db42251d675da83286b1cce702)
Start importing Assets/TDG Kiddy Rides/Animations/Motorcycle.anim using Guid(2a22bd5ee5673e94aaaa9e4245736a52) Importer(2089858483,192608db42251d675da83286b1cce702) (ScriptedImporter) -> (artifact id: 'e2d9efa8d8efdf32bfee5889183eef98') in 0.0309466 seconds
Number of updated asset objects reloaded before import = 0Number of asset objects unloaded after import = 1

========================================================================
Received Import Request.
  Time since last request: 0.000023 seconds.
  path: Assets/TDG Kiddy Rides/Materials/Metal - Red.mat
  artifactKey: Guid(2b423274133239040ae9228ba79e6875) Importer(2089858483,192608db42251d675da83286b1cce702)
Start importing Assets/TDG Kiddy Rides/Materials/Metal - Red.mat using Guid(2b423274133239040ae9228ba79e6875) Importer(2089858483,192608db42251d675da83286b1cce702) (ScriptedImporter) -> (artifact id: '3e78202e50078ea201d6f5db8b7e2d35') in 0.0304202 seconds
Number of updated asset objects reloaded before import = 0Number of asset objects unloaded after import = 1

========================================================================
Received Import Request.
  Time since last request: 0.000021 seconds.
  path: Assets/Settings/DefaultVolumeProfile.asset
  artifactKey: Guid(ab09877e2e707104187f6f83e2f62510) Importer(2089858483,192608db42251d675da83286b1cce702)
Start importing Assets/Settings/DefaultVolumeProfile.asset using Guid(ab09877e2e707104187f6f83e2f62510) Importer(2089858483,192608db42251d675da83286b1cce702) (ScriptedImporter) -> (artifact id: 'beef240205b88d68121bff143ccd50a4') in 0.0296604 seconds
Number of updated asset objects reloaded before import = 0Number of asset objects unloaded after import = 0

========================================================================
Received Import Request.
  Time since last request: 0.000032 seconds.
  path: Assets/CartoonTracksPack1/Track1/Demo Scenes/single_objects_demo/ReflectionProbe-0.exr
  artifactKey: Guid(ec08a6f4562f0f04bbdb4d7714b7d1e6) Importer(2089858483,192608db42251d675da83286b1cce702)
Start importing Assets/CartoonTracksPack1/Track1/Demo Scenes/single_objects_demo/ReflectionProbe-0.exr using Guid(ec08a6f4562f0f04bbdb4d7714b7d1e6) Importer(2089858483,192608db42251d675da83286b1cce702) (ScriptedImporter) -> (artifact id: 'ee7217b1b032ad52065415a716b44a1b') in 0.072079 seconds
Number of updated asset objects reloaded before import = 0Number of asset objects unloaded after import = 1

========================================================================
Received Import Request.
  Time since last request: 0.000017 seconds.
  path: Assets/CartoonTracksPack1/Track1/Demo Scenes/complete_track_demo/ReflectionProbe-0.exr
  artifactKey: Guid(53476479dc3172f4b8ef74487118346d) Importer(2089858483,192608db42251d675da83286b1cce702)
Start importing Assets/CartoonTracksPack1/Track1/Demo Scenes/complete_track_demo/ReflectionProbe-0.exr using Guid(53476479dc3172f4b8ef74487118346d) Importer(2089858483,192608db42251d675da83286b1cce702) (ScriptedImporter) -> (artifact id: '8fbf4c962ccc88dfb08c6de9ec0c0970') in 0.0364714 seconds
Number of updated asset objects reloaded before import = 0Number of asset objects unloaded after import = 1

========================================================================
Received Import Request.
  Time since last request: 0.000020 seconds.
  path: Assets/CartoonTracksPack1/Track1/Textures/tyres.psd
  artifactKey: Guid(85654affde0f756419319669bb58f2b4) Importer(2089858483,192608db42251d675da83286b1cce702)
Start importing Assets/CartoonTracksPack1/Track1/Textures/tyres.psd using Guid(85654affde0f756419319669bb58f2b4) Importer(2089858483,192608db42251d675da83286b1cce702) (ScriptedImporter) -> (artifact id: 'bb806ae92ba54bb5a727bf142d8f3ceb') in 0.0618748 seconds
Number of updated asset objects reloaded before import = 0Number of asset objects unloaded after import = 1

========================================================================
Received Import Request.
  Time since last request: 0.000021 seconds.
  path: Assets/TDG Kiddy Rides/Materials/KiddyRides 1.mat
  artifactKey: Guid(5107a0bb1b2138346a05c46961cdf810) Importer(2089858483,192608db42251d675da83286b1cce702)
Start importing Assets/TDG Kiddy Rides/Materials/KiddyRides 1.mat using Guid(5107a0bb1b2138346a05c46961cdf810) Importer(2089858483,192608db42251d675da83286b1cce702) (ScriptedImporter) -> (artifact id: '55b909f62647d55b8b96a5d409c1a029') in 0.0805921 seconds
Number of updated asset objects reloaded before import = 0Number of asset objects unloaded after import = 2

========================================================================
Received Import Request.
  Time since last request: 0.000029 seconds.
  path: Assets/Settings/UniversalRenderPipelineGlobalSettings.asset
  artifactKey: Guid(18dc0cd2c080841dea60987a38ce93fa) Importer(2089858483,192608db42251d675da83286b1cce702)
Start importing Assets/Settings/UniversalRenderPipelineGlobalSettings.asset using Guid(18dc0cd2c080841dea60987a38ce93fa) Importer(2089858483,192608db42251d675da83286b1cce702) (ScriptedImporter) -> (artifact id: 'fededf9b965026f5044498e562b23ddc') in 0.1022471 seconds
Number of updated asset objects reloaded before import = 0Number of asset objects unloaded after import = 0

========================================================================
Received Import Request.
  Time since last request: 0.000017 seconds.
  path: Assets/CartoonTracksPack1/Track1/Meshes/Prefab_Meshes/prop_arrow_long.FBX
  artifactKey: Guid(617e37e9cc33e0242a0b6985aa49d8b2) Importer(2089858483,192608db42251d675da83286b1cce702)
Start importing Assets/CartoonTracksPack1/Track1/Meshes/Prefab_Meshes/prop_arrow_long.FBX using Guid(617e37e9cc33e0242a0b6985aa49d8b2) Importer(2089858483,192608db42251d675da83286b1cce702) (ScriptedImporter) -> (artifact id: 'e94ef63003d92d9d13b7e1eb9277af2b') in 0.2764433 seconds
Number of updated asset objects reloaded before import = 0Number of asset objects unloaded after import = 9

========================================================================
Received Import Request.
  Time since last request: 0.000121 seconds.
  path: Assets/CartoonTracksPack1/Track1/Meshes/Prefab_Meshes/prop_baloon_E.FBX
  artifactKey: Guid(4262605d7526d654e83e8802c2fd066f) Importer(2089858483,192608db42251d675da83286b1cce702)
Start importing Assets/CartoonTracksPack1/Track1/Meshes/Prefab_Meshes/prop_baloon_E.FBX using Guid(4262605d7526d654e83e8802c2fd066f) Importer(2089858483,192608db42251d675da83286b1cce702) (ScriptedImporter) -> (artifact id: 'f5c91a218ca354184d56466711e87982') in 0.0810425 seconds
Number of updated asset objects reloaded before import = 0Number of asset objects unloaded after import = 9

========================================================================
Received Import Request.
  Time since last request: 0.000034 seconds.
  path: Assets/CartoonTracksPack1/Track1/Meshes/Materials/GRASS_1.mat
  artifactKey: Guid(a1df3afecc4d1e54096a3139fa304bb8) Importer(2089858483,192608db42251d675da83286b1cce702)
Start importing Assets/CartoonTracksPack1/Track1/Meshes/Materials/GRASS_1.mat using Guid(a1df3afecc4d1e54096a3139fa304bb8) Importer(2089858483,192608db42251d675da83286b1cce702) (ScriptedImporter) -> (artifact id: '13b87618cc9009cbf1d4810af1555ee9') in 0.0867129 seconds
Number of updated asset objects reloaded before import = 0Number of asset objects unloaded after import = 2

========================================================================
Received Import Request.
  Time since last request: 0.000018 seconds.
  path: Assets/CartoonTracksPack1/Track1/Meshes/Prefab_Meshes/prop_banner_big.FBX
  artifactKey: Guid(3ec7ef90c589d864c85590c3e79c7582) Importer(2089858483,192608db42251d675da83286b1cce702)
Start importing Assets/CartoonTracksPack1/Track1/Meshes/Prefab_Meshes/prop_banner_big.FBX using Guid(3ec7ef90c589d864c85590c3e79c7582) Importer(2089858483,192608db42251d675da83286b1cce702) (ScriptedImporter) -> (artifact id: 'd07b73cd98e9bb903fc8852c9378a386') in 0.1400343 seconds
Number of updated asset objects reloaded before import = 0Number of asset objects unloaded after import = 9

========================================================================
Received Import Request.
  Time since last request: 0.000026 seconds.
  path: Assets/TDG Kiddy Rides/Materials/Concrete.mat
  artifactKey: Guid(95563b8ecf66e4c4095b1c62a6859719) Importer(2089858483,192608db42251d675da83286b1cce702)
Start importing Assets/TDG Kiddy Rides/Materials/Concrete.mat using Guid(95563b8ecf66e4c4095b1c62a6859719) Importer(2089858483,192608db42251d675da83286b1cce702) (ScriptedImporter) -> (artifact id: '394f023105738184cd95e3440b124d0d') in 0.1188309 seconds
Number of updated asset objects reloaded before import = 0Number of asset objects unloaded after import = 5

========================================================================
Received Import Request.
  Time since last request: 0.000030 seconds.
  path: Assets/TDG Kiddy Rides/Animations/Train.anim
  artifactKey: Guid(cee807458058dc540b40ca4b9416072f) Importer(2089858483,192608db42251d675da83286b1cce702)
Start importing Assets/TDG Kiddy Rides/Animations/Train.anim using Guid(cee807458058dc540b40ca4b9416072f) Importer(2089858483,192608db42251d675da83286b1cce702) (ScriptedImporter) -> (artifact id: 'e0c0f040e1557ca85ae175b1a182164c') in 0.0402294 seconds
Number of updated asset objects reloaded before import = 0Number of asset objects unloaded after import = 1

========================================================================
Received Import Request.
  Time since last request: 0.000017 seconds.
  path: Assets/TDG Kiddy Rides/Models/Motorcycle.fbx
  artifactKey: Guid(ef3af060da8e6294fa1bdfa5f4cc5b03) Importer(2089858483,192608db42251d675da83286b1cce702)
Start importing Assets/TDG Kiddy Rides/Models/Motorcycle.fbx using Guid(ef3af060da8e6294fa1bdfa5f4cc5b03) Importer(2089858483,192608db42251d675da83286b1cce702) (ScriptedImporter) -> (artifact id: '1d4c9ccd9be92c4a1ab77b139514759a') in 0.0506789 seconds
Number of updated asset objects reloaded before import = 0Number of asset objects unloaded after import = 45

========================================================================
Received Import Request.
  Time since last request: 0.000020 seconds.
  path: Assets/Animated Hands/Prefabs/Left Hand Model.prefab
  artifactKey: Guid(65847589f926b734d9eaed6e25f0046b) Importer(2089858483,192608db42251d675da83286b1cce702)
Start importing Assets/Animated Hands/Prefabs/Left Hand Model.prefab using Guid(65847589f926b734d9eaed6e25f0046b) Importer(2089858483,192608db42251d675da83286b1cce702) (ScriptedImporter) -> (artifact id: '0b32f1451c7044f73bf62dc02d3fe42d') in 0.0349946 seconds
Number of updated asset objects reloaded before import = 0Number of asset objects unloaded after import = 69

========================================================================
Received Import Request.
  Time since last request: 0.000026 seconds.
  path: Assets/CartoonTracksPack1/Track1/Meshes/Prefab_Meshes/prop_banner_www_B.FBX
  artifactKey: Guid(dd2b794431d710641b12cb1124b7caed) Importer(2089858483,192608db42251d675da83286b1cce702)
Start importing Assets/CartoonTracksPack1/Track1/Meshes/Prefab_Meshes/prop_banner_www_B.FBX using Guid(dd2b794431d710641b12cb1124b7caed) Importer(2089858483,192608db42251d675da83286b1cce702) (ScriptedImporter) -> (artifact id: 'ac2b6dadb39af3b7ef843a45d529e3ee') in 0.1162991 seconds
Number of updated asset objects reloaded before import = 0Number of asset objects unloaded after import = 9

========================================================================
Received Import Request.
  Time since last request: 0.000031 seconds.
  path: Assets/TDG Kiddy Rides/Prefabs/Bin.prefab
  artifactKey: Guid(c731c4d015976a4438992cbf4a1ca71e) Importer(2089858483,192608db42251d675da83286b1cce702)
Start importing Assets/TDG Kiddy Rides/Prefabs/Bin.prefab using Guid(c731c4d015976a4438992cbf4a1ca71e) Importer(2089858483,192608db42251d675da83286b1cce702) (ScriptedImporter) -> (artifact id: 'a01d159d0926f9daa1d71fde9af7ad3e') in 0.0507617 seconds
Number of updated asset objects reloaded before import = 0Number of asset objects unloaded after import = 12

========================================================================
Received Import Request.
  Time since last request: 0.000024 seconds.
  path: Assets/TDG Kiddy Rides/Materials/White Light.mat
  artifactKey: Guid(edb1061a673ad1643ae1afbfff564b5f) Importer(2089858483,192608db42251d675da83286b1cce702)
Start importing Assets/TDG Kiddy Rides/Materials/White Light.mat using Guid(edb1061a673ad1643ae1afbfff564b5f) Importer(2089858483,192608db42251d675da83286b1cce702) (ScriptedImporter) -> (artifact id: '06661fb4de386486bf4f4dbadf08bef7') in 0.0570128 seconds
Number of updated asset objects reloaded before import = 0Number of asset objects unloaded after import = 1

========================================================================
Received Import Request.
  Time since last request: 0.000016 seconds.
  path: Assets/TDG Kiddy Rides/Animations/F1Car.anim
  artifactKey: Guid(82ae9aeed14a3f34ba98110b56ec4b6b) Importer(2089858483,192608db42251d675da83286b1cce702)
Start importing Assets/TDG Kiddy Rides/Animations/F1Car.anim using Guid(82ae9aeed14a3f34ba98110b56ec4b6b) Importer(2089858483,192608db42251d675da83286b1cce702) (ScriptedImporter) -> (artifact id: '42bcc4d063fcbc0d8a889e76cc594718') in 0.0282695 seconds
Number of updated asset objects reloaded before import = 0Number of asset objects unloaded after import = 1

========================================================================
Received Import Request.
  Time since last request: 0.000030 seconds.
  path: Assets/TDG Kiddy Rides/Animations/TrainBody.controller
  artifactKey: Guid(28b240440b5984446909020f11cf8ed2) Importer(2089858483,192608db42251d675da83286b1cce702)
Start importing Assets/TDG Kiddy Rides/Animations/TrainBody.controller using Guid(28b240440b5984446909020f11cf8ed2) Importer(2089858483,192608db42251d675da83286b1cce702) (ScriptedImporter) -> (artifact id: '499771bcdd771f77ffe936d46bd1e00e') in 0.0516415 seconds
Number of updated asset objects reloaded before import = 0Number of asset objects unloaded after import = 4

========================================================================
Received Import Request.
  Time since last request: 0.000023 seconds.
  path: Assets/TDG Kiddy Rides/Prefabs/Motorcycle.prefab
  artifactKey: Guid(43aa11631c440864caf49deac02a51c5) Importer(2089858483,192608db42251d675da83286b1cce702)
Start importing Assets/TDG Kiddy Rides/Prefabs/Motorcycle.prefab using Guid(43aa11631c440864caf49deac02a51c5) Importer(2089858483,192608db42251d675da83286b1cce702) (ScriptedImporter) -> (artifact id: '157d200e2f0df5f964a9c22e014ceede') in 0.0515682 seconds
Number of updated asset objects reloaded before import = 0Number of asset objects unloaded after import = 37

========================================================================
Received Import Request.
  Time since last request: 0.000019 seconds.
  path: Assets/CartoonTracksPack1/Track1/Meshes/Materials/START_LEDS.mat
  artifactKey: Guid(ec63e2f99ff7d0c4ba51bea1b8e48be6) Importer(2089858483,192608db42251d675da83286b1cce702)
Start importing Assets/CartoonTracksPack1/Track1/Meshes/Materials/START_LEDS.mat using Guid(ec63e2f99ff7d0c4ba51bea1b8e48be6) Importer(2089858483,192608db42251d675da83286b1cce702) (ScriptedImporter) -> (artifact id: '705fe6f96df19d40886a2161bed7fc95') in 0.0818585 seconds
Number of updated asset objects reloaded before import = 0Number of asset objects unloaded after import = 1

========================================================================
Received Import Request.
  Time since last request: 0.000018 seconds.
  path: Assets/CartoonTracksPack1/Track1/Meshes/Prefab_Meshes/prop_team_2.FBX
  artifactKey: Guid(90f8aef0fc8841b48890ef6dc20875e8) Importer(2089858483,192608db42251d675da83286b1cce702)
Start importing Assets/CartoonTracksPack1/Track1/Meshes/Prefab_Meshes/prop_team_2.FBX using Guid(90f8aef0fc8841b48890ef6dc20875e8) Importer(2089858483,192608db42251d675da83286b1cce702) (ScriptedImporter) -> (artifact id: '65df4ff874df8060bdc99d1e8a1b33a1') in 0.1163853 seconds
Number of updated asset objects reloaded before import = 0Number of asset objects unloaded after import = 9

========================================================================
Received Import Request.
  Time since last request: 0.000029 seconds.
  path: Assets/CartoonTracksPack1/Track1/Meshes/Prefab_Meshes/prop_team_15.FBX
  artifactKey: Guid(a170a964953539246a74734b41d0156b) Importer(2089858483,192608db42251d675da83286b1cce702)
Start importing Assets/CartoonTracksPack1/Track1/Meshes/Prefab_Meshes/prop_team_15.FBX using Guid(a170a964953539246a74734b41d0156b) Importer(2089858483,192608db42251d675da83286b1cce702) (ScriptedImporter) -> (artifact id: '16f59bc2f7268b2857b3097523c8256d') in 0.1067979 seconds
Number of updated asset objects reloaded before import = 0Number of asset objects unloaded after import = 9

========================================================================
Received Import Request.
  Time since last request: 0.000039 seconds.
  path: Assets/CartoonTracksPack1/Track1/Demo Scenes/complete_track_demoSettings.lighting
  artifactKey: Guid(a98cabbecdfd3d747b90f36965fa8af3) Importer(2089858483,192608db42251d675da83286b1cce702)
Start importing Assets/CartoonTracksPack1/Track1/Demo Scenes/complete_track_demoSettings.lighting using Guid(a98cabbecdfd3d747b90f36965fa8af3) Importer(2089858483,192608db42251d675da83286b1cce702) (ScriptedImporter) -> (artifact id: '3557f6f07010459a67ec6ae9f048e48f') in 0.0853489 seconds
Number of updated asset objects reloaded before import = 0Number of asset objects unloaded after import = 1

========================================================================
Received Import Request.
  Time since last request: 0.000021 seconds.
  path: Assets/CartoonTracksPack1/Track1/Textures/baloon.psd
  artifactKey: Guid(b673e026df069984799124e3e95d4899) Importer(2089858483,192608db42251d675da83286b1cce702)
Start importing Assets/CartoonTracksPack1/Track1/Textures/baloon.psd using Guid(b673e026df069984799124e3e95d4899) Importer(2089858483,192608db42251d675da83286b1cce702) (ScriptedImporter) -> (artifact id: 'b67755ac9470bd1efa9bc0421480ba9c') in 0.040541 seconds
Number of updated asset objects reloaded before import = 0Number of asset objects unloaded after import = 1

========================================================================
Received Import Request.
  Time since last request: 0.000018 seconds.
  path: Assets/CartoonTracksPack1/Track1/Meshes/Prefab_Meshes/prop_team_7.FBX
  artifactKey: Guid(7ece094ea3c4fc64ca4a33dc7278fb22) Importer(2089858483,192608db42251d675da83286b1cce702)
Start importing Assets/CartoonTracksPack1/Track1/Meshes/Prefab_Meshes/prop_team_7.FBX using Guid(7ece094ea3c4fc64ca4a33dc7278fb22) Importer(2089858483,192608db42251d675da83286b1cce702) (ScriptedImporter) -> (artifact id: '997fcb42464763f6bccb5920354390fe') in 0.1129156 seconds
Number of updated asset objects reloaded before import = 0Number of asset objects unloaded after import = 9

========================================================================
Received Import Request.
  Time since last request: 0.000042 seconds.
  path: Assets/CartoonTracksPack1/Track1/Meshes/Prefab_Meshes/prop_wall_B.FBX
  artifactKey: Guid(1ca723527db231e44ab816b73689a9c3) Importer(2089858483,192608db42251d675da83286b1cce702)
Start importing Assets/CartoonTracksPack1/Track1/Meshes/Prefab_Meshes/prop_wall_B.FBX using Guid(1ca723527db231e44ab816b73689a9c3) Importer(2089858483,192608db42251d675da83286b1cce702) (ScriptedImporter) -> (artifact id: 'c6af1f58d35614474be1acdf29678e69') in 0.1056318 seconds
Number of updated asset objects reloaded before import = 0Number of asset objects unloaded after import = 9

========================================================================
Received Import Request.
  Time since last request: 0.000019 seconds.
  path: Assets/CartoonTracksPack1/Track1/Meshes/Prefab_Meshes/prop_wall_A.FBX
  artifactKey: Guid(ff56c49c99f025a4a8f41d91fe5b7b1e) Importer(2089858483,192608db42251d675da83286b1cce702)
Start importing Assets/CartoonTracksPack1/Track1/Meshes/Prefab_Meshes/prop_wall_A.FBX using Guid(ff56c49c99f025a4a8f41d91fe5b7b1e) Importer(2089858483,192608db42251d675da83286b1cce702) (ScriptedImporter) -> (artifact id: 'f210bcf824e509f0b70d1769fd2021e9') in 0.1500234 seconds
Number of updated asset objects reloaded before import = 0Number of asset objects unloaded after import = 16

========================================================================
Received Import Request.
  Time since last request: 0.000027 seconds.
  path: Assets/Animated Hands/Animations/r_hand_fist_anim.fbx
  artifactKey: Guid(005ab0ae8aa7f74438a5fa50f7cd50e3) Importer(2089858483,192608db42251d675da83286b1cce702)
Start importing Assets/Animated Hands/Animations/r_hand_fist_anim.fbx using Guid(005ab0ae8aa7f74438a5fa50f7cd50e3) Importer(2089858483,192608db42251d675da83286b1cce702) (ScriptedImporter) -> (artifact id: 'c0ac56de2833996f418c4107b485d5b7') in 0.0350068 seconds
Number of updated asset objects reloaded before import = 0Number of asset objects unloaded after import = 55

========================================================================
Received Import Request.
  Time since last request: 0.000028 seconds.
  path: Assets/CartoonTracksPack1/Track1/Meshes/Prefab_Meshes/prop_team_18.FBX
  artifactKey: Guid(2ab84962161735e41989998c7c9e1a83) Importer(2089858483,192608db42251d675da83286b1cce702)
Start importing Assets/CartoonTracksPack1/Track1/Meshes/Prefab_Meshes/prop_team_18.FBX using Guid(2ab84962161735e41989998c7c9e1a83) Importer(2089858483,192608db42251d675da83286b1cce702) (ScriptedImporter) -> (artifact id: 'eee9965239734044697ad78a6375d702') in 0.1101858 seconds
Number of updated asset objects reloaded before import = 0Number of asset objects unloaded after import = 9

========================================================================
Received Import Request.
  Time since last request: 0.000023 seconds.
  path: Assets/CartoonTracksPack1/Track1/Meshes/Prefab_Meshes/prop_team_16.FBX
  artifactKey: Guid(fb3ce3a9ab74f554c98a3f49170c7a15) Importer(2089858483,192608db42251d675da83286b1cce702)
Start importing Assets/CartoonTracksPack1/Track1/Meshes/Prefab_Meshes/prop_team_16.FBX using Guid(fb3ce3a9ab74f554c98a3f49170c7a15) Importer(2089858483,192608db42251d675da83286b1cce702) (ScriptedImporter) -> (artifact id: 'fb59caae01ed4a50f9842b8286cf4397') in 0.1120813 seconds
Number of updated asset objects reloaded before import = 0Number of asset objects unloaded after import = 9

========================================================================
Received Import Request.
  Time since last request: 0.000028 seconds.
  path: Assets/CartoonTracksPack1/Track1/Prefabs/Props/prop_gridline.prefab
  artifactKey: Guid(3250c15b11377ed4ab6f7c05d488ccfc) Importer(2089858483,192608db42251d675da83286b1cce702)
Start importing Assets/CartoonTracksPack1/Track1/Prefabs/Props/prop_gridline.prefab using Guid(3250c15b11377ed4ab6f7c05d488ccfc) Importer(2089858483,192608db42251d675da83286b1cce702) (ScriptedImporter) -> (artifact id: '9557dd4ea37e5ed688fc18da788771fe') in 0.0818858 seconds
Number of updated asset objects reloaded before import = 0Number of asset objects unloaded after import = 8

========================================================================
Received Import Request.
  Time since last request: 0.000034 seconds.
  path: Assets/CartoonTracksPack1/Track1/Prefabs/Props/prop_pitwall.prefab
  artifactKey: Guid(a0704e0bbc27f9c44a06906897e0a5c9) Importer(2089858483,192608db42251d675da83286b1cce702)
Start importing Assets/CartoonTracksPack1/Track1/Prefabs/Props/prop_pitwall.prefab using Guid(a0704e0bbc27f9c44a06906897e0a5c9) Importer(2089858483,192608db42251d675da83286b1cce702) (ScriptedImporter) -> (artifact id: 'e4253a56e2e7ccbfb286b70709b1a322') in 0.0550266 seconds
Number of updated asset objects reloaded before import = 0Number of asset objects unloaded after import = 8

========================================================================
Received Import Request.
  Time since last request: 0.000018 seconds.
  path: Assets/CartoonTracksPack1/Track1/Prefabs/Props/prop_distance_2.prefab
  artifactKey: Guid(68b9cdf2eb758e547bcf47d661c63882) Importer(2089858483,192608db42251d675da83286b1cce702)
Start importing Assets/CartoonTracksPack1/Track1/Prefabs/Props/prop_distance_2.prefab using Guid(68b9cdf2eb758e547bcf47d661c63882) Importer(2089858483,192608db42251d675da83286b1cce702) (ScriptedImporter) -> (artifact id: '03b5a695c5b290e49c9b3c9f466ea50c') in 0.0494107 seconds
Number of updated asset objects reloaded before import = 0Number of asset objects unloaded after import = 8

========================================================================
Received Import Request.
  Time since last request: 0.000021 seconds.
  path: Assets/CartoonTracksPack1/Track1/Meshes/Prefab_Meshes/prop_tyre_4x1_A.FBX
  artifactKey: Guid(cd7e75db95bf03d4581ae08ef30eccbd) Importer(2089858483,192608db42251d675da83286b1cce702)
Start importing Assets/CartoonTracksPack1/Track1/Meshes/Prefab_Meshes/prop_tyre_4x1_A.FBX using Guid(cd7e75db95bf03d4581ae08ef30eccbd) Importer(2089858483,192608db42251d675da83286b1cce702) (ScriptedImporter) -> (artifact id: '31391409a6e24d6b240bf423ace17c66') in 0.0526003 seconds
Number of updated asset objects reloaded before import = 0Number of asset objects unloaded after import = 9

========================================================================
Received Import Request.
  Time since last request: 0.000040 seconds.
  path: Assets/CartoonTracksPack1/Track1/Meshes/Prefab_Meshes/prop_team_13.FBX
  artifactKey: Guid(1b209cf38c483534a8d8a53d0cc08d80) Importer(2089858483,192608db42251d675da83286b1cce702)
Start importing Assets/CartoonTracksPack1/Track1/Meshes/Prefab_Meshes/prop_team_13.FBX using Guid(1b209cf38c483534a8d8a53d0cc08d80) Importer(2089858483,192608db42251d675da83286b1cce702) (ScriptedImporter) -> (artifact id: '7ce7bb33e518c3be1fa4e0d2f381fa22') in 0.132029 seconds
Number of updated asset objects reloaded before import = 0Number of asset objects unloaded after import = 9

========================================================================
Received Import Request.
  Time since last request: 0.000029 seconds.
  path: Assets/CartoonTracksPack1/Track1/Prefabs/Track/oval_complete_colliders.prefab
  artifactKey: Guid(a3ce4271597121f44869d10a0a567d64) Importer(2089858483,192608db42251d675da83286b1cce702)
Start importing Assets/CartoonTracksPack1/Track1/Prefabs/Track/oval_complete_colliders.prefab using Guid(a3ce4271597121f44869d10a0a567d64) Importer(2089858483,192608db42251d675da83286b1cce702) (ScriptedImporter) -> (artifact id: '04b0b5c4e5b6104a5eaf0aa59cf24acc') in 0.0555382 seconds
Number of updated asset objects reloaded before import = 0Number of asset objects unloaded after import = 250

========================================================================
Received Import Request.
  Time since last request: 0.000027 seconds.
  path: Assets/CartoonTracksPack1/Track1/Prefabs/Track/oval_mod_lamps.prefab
  artifactKey: Guid(cae49809804330a498981fb4fd11d70e) Importer(2089858483,192608db42251d675da83286b1cce702)
Start importing Assets/CartoonTracksPack1/Track1/Prefabs/Track/oval_mod_lamps.prefab using Guid(cae49809804330a498981fb4fd11d70e) Importer(2089858483,192608db42251d675da83286b1cce702) (ScriptedImporter) -> (artifact id: 'b53aeb4ac1de3f8459d1663afdc06b1c') in 0.0475646 seconds
Number of updated asset objects reloaded before import = 0Number of asset objects unloaded after import = 24

========================================================================
Received Import Request.
  Time since last request: 0.000043 seconds.
  path: Assets/CartoonTracksPack1/Track1/Prefabs/Track/oval_mod_tyres.prefab
  artifactKey: Guid(75b153afc116e8c4b83693a9bbf7f515) Importer(2089858483,192608db42251d675da83286b1cce702)
Start importing Assets/CartoonTracksPack1/Track1/Prefabs/Track/oval_mod_tyres.prefab using Guid(75b153afc116e8c4b83693a9bbf7f515) Importer(2089858483,192608db42251d675da83286b1cce702) (ScriptedImporter) -> (artifact id: '0fed5acafc46d5d156736ddcc58067b5') in 0.0521717 seconds
Number of updated asset objects reloaded before import = 0Number of asset objects unloaded after import = 139

========================================================================
Received Import Request.
  Time since last request: 0.000022 seconds.
  path: Assets/Samples/XR Interaction Toolkit/3.2.2/XR Interaction Simulator/XR Interaction Hand Controls.inputactions
  artifactKey: Guid(1f7ec93f6b8c84f5981db5008b5859cd) Importer(2089858483,192608db42251d675da83286b1cce702)
Start importing Assets/Samples/XR Interaction Toolkit/3.2.2/XR Interaction Simulator/XR Interaction Hand Controls.inputactions using Guid(1f7ec93f6b8c84f5981db5008b5859cd) Importer(2089858483,192608db42251d675da83286b1cce702) (ScriptedImporter) -> (artifact id: '86b5e7b25749e2c78df690951936bbad') in 0.0347191 seconds
Number of updated asset objects reloaded before import = 0Number of asset objects unloaded after import = 9

========================================================================
Received Import Request.
  Time since last request: 0.000022 seconds.
  path: Assets/CartoonTracksPack1/Track1/Prefabs/Track/oval_mod_turnsigns.prefab
  artifactKey: Guid(2b742cea3010f98448c0976eb0724a22) Importer(2089858483,192608db42251d675da83286b1cce702)
Start importing Assets/CartoonTracksPack1/Track1/Prefabs/Track/oval_mod_turnsigns.prefab using Guid(2b742cea3010f98448c0976eb0724a22) Importer(2089858483,192608db42251d675da83286b1cce702) (ScriptedImporter) -> (artifact id: '3703557ed5950ffbb974b6c0fab3c3f0') in 0.0384307 seconds
Number of updated asset objects reloaded before import = 0Number of asset objects unloaded after import = 14

========================================================================
Received Import Request.
  Time since last request: 0.000023 seconds.
  path: Assets/Samples/XR Interaction Toolkit/3.2.2/XR Interaction Simulator/InteractionSimulator.asmdef
  artifactKey: Guid(e7433d84ae5734165bb783756d919d02) Importer(2089858483,192608db42251d675da83286b1cce702)
Start importing Assets/Samples/XR Interaction Toolkit/3.2.2/XR Interaction Simulator/InteractionSimulator.asmdef using Guid(e7433d84ae5734165bb783756d919d02) Importer(2089858483,192608db42251d675da83286b1cce702) (ScriptedImporter) -> (artifact id: 'ed6cb645ff29e68031ef9d064d1fde37') in 0.0381736 seconds
Number of updated asset objects reloaded before import = 0Number of asset objects unloaded after import = 1

========================================================================
Received Import Request.
  Time since last request: 0.000028 seconds.
  path: Assets/CartoonTracksPack1/Track1/Prefabs/Track/oval_mod_blocks.prefab
  artifactKey: Guid(f3b91a1b9d3bd0f41af30fd573263395) Importer(2089858483,192608db42251d675da83286b1cce702)
Start importing Assets/CartoonTracksPack1/Track1/Prefabs/Track/oval_mod_blocks.prefab using Guid(f3b91a1b9d3bd0f41af30fd573263395) Importer(2089858483,192608db42251d675da83286b1cce702) (ScriptedImporter) -> (artifact id: '008cd15cd713f651abe96cad02af99e7') in 0.0412108 seconds
Number of updated asset objects reloaded before import = 0Number of asset objects unloaded after import = 54

========================================================================
Received Import Request.
  Time since last request: 0.000019 seconds.
  path: Assets/CartoonTracksPack1/Track1/Meshes/Prefab_Meshes/prop_tyre_1x1_collider.FBX
  artifactKey: Guid(2164c2db35fcf2042898877db86facd2) Importer(2089858483,192608db42251d675da83286b1cce702)
Start importing Assets/CartoonTracksPack1/Track1/Meshes/Prefab_Meshes/prop_tyre_1x1_collider.FBX using Guid(2164c2db35fcf2042898877db86facd2) Importer(2089858483,192608db42251d675da83286b1cce702) (ScriptedImporter) -> (artifact id: 'c08adf2beb9a17b6ea80b3981517848f') in 0.061129 seconds
Number of updated asset objects reloaded before import = 0Number of asset objects unloaded after import = 9

========================================================================
Received Import Request.
  Time since last request: 0.000017 seconds.
  path: Assets/CartoonTracksPack1/Track1/Meshes/Track_Meshes/OvalModular/oval_mod_bridges.FBX
  artifactKey: Guid(c4eee92969bfaa34cba0efaa840aa719) Importer(2089858483,192608db42251d675da83286b1cce702)
Start importing Assets/CartoonTracksPack1/Track1/Meshes/Track_Meshes/OvalModular/oval_mod_bridges.FBX using Guid(c4eee92969bfaa34cba0efaa840aa719) Importer(2089858483,192608db42251d675da83286b1cce702) (ScriptedImporter) -> (artifact id: '900cd81389b32b6d9e8ea97fa2a4e0f1') in 0.1131688 seconds
Number of updated asset objects reloaded before import = 0Number of asset objects unloaded after import = 81

========================================================================
Received Import Request.
  Time since last request: 0.000025 seconds.
  path: Assets/CartoonTracksPack1/Track1/Meshes/Track_Meshes/OvalModular/oval_mod_blocks.FBX
  artifactKey: Guid(ba1ffe5a639fdb04c93f5dab7a331c9e) Importer(2089858483,192608db42251d675da83286b1cce702)
Start importing Assets/CartoonTracksPack1/Track1/Meshes/Track_Meshes/OvalModular/oval_mod_blocks.FBX using Guid(ba1ffe5a639fdb04c93f5dab7a331c9e) Importer(2089858483,192608db42251d675da83286b1cce702) (ScriptedImporter) -> (artifact id: '8620111e4d07eaf2171cab94e5347d73') in 0.1028158 seconds
Number of updated asset objects reloaded before import = 0Number of asset objects unloaded after import = 56

========================================================================
Received Import Request.
  Time since last request: 0.000040 seconds.
  path: Assets/CartoonTracksPack1/Track1/Meshes/Track_Meshes/OvalModular/oval_mod_lamps.FBX
  artifactKey: Guid(db7a40bb7dd68c34a810723c4eadedba) Importer(2089858483,192608db42251d675da83286b1cce702)
Start importing Assets/CartoonTracksPack1/Track1/Meshes/Track_Meshes/OvalModular/oval_mod_lamps.FBX using Guid(db7a40bb7dd68c34a810723c4eadedba) Importer(2089858483,192608db42251d675da83286b1cce702) (ScriptedImporter) -> (artifact id: '910670220fe267dfca501b31eb03c5e0') in 0.1048416 seconds
Number of updated asset objects reloaded before import = 0Number of asset objects unloaded after import = 31

========================================================================
Received Import Request.
  Time since last request: 0.000023 seconds.
  path: Assets/Samples/XR Interaction Toolkit/3.2.2/XR Interaction Simulator/XR Interaction Simulator Controls.inputactions
  artifactKey: Guid(7f59cc19636f04d5cbbc64e77a20787f) Importer(2089858483,192608db42251d675da83286b1cce702)
Start importing Assets/Samples/XR Interaction Toolkit/3.2.2/XR Interaction Simulator/XR Interaction Simulator Controls.inputactions using Guid(7f59cc19636f04d5cbbc64e77a20787f) Importer(2089858483,192608db42251d675da83286b1cce702) (ScriptedImporter) -> (artifact id: 'd3b00aec2b32d29a518654c191d9c8c9') in 0.0557562 seconds
Number of updated asset objects reloaded before import = 0Number of asset objects unloaded after import = 25

========================================================================
Received Import Request.
  Time since last request: 0.000021 seconds.
  path: Assets/CartoonTracksPack1/Track1/Meshes/Track_Meshes/OvalModular/oval_mod_tyres.FBX
  artifactKey: Guid(7190964c445f2324f9f142d693d3a05c) Importer(2089858483,192608db42251d675da83286b1cce702)
Start importing Assets/CartoonTracksPack1/Track1/Meshes/Track_Meshes/OvalModular/oval_mod_tyres.FBX using Guid(7190964c445f2324f9f142d693d3a05c) Importer(2089858483,192608db42251d675da83286b1cce702) (ScriptedImporter) -> (artifact id: 'f6189ebf315504d75060c78903180d22') in 0.0876176 seconds
Number of updated asset objects reloaded before import = 0Number of asset objects unloaded after import = 141

========================================================================
Received Import Request.
  Time since last request: 0.000032 seconds.
  path: Assets/CartoonTracksPack1/Track1/Prefabs/Props/Banners/prop_banner_medium_B.prefab
  artifactKey: Guid(826033cd80b6a52419ed72de21367205) Importer(2089858483,192608db42251d675da83286b1cce702)
Start importing Assets/CartoonTracksPack1/Track1/Prefabs/Props/Banners/prop_banner_medium_B.prefab using Guid(826033cd80b6a52419ed72de21367205) Importer(2089858483,192608db42251d675da83286b1cce702) (ScriptedImporter) -> (artifact id: 'd245e266d84e1e36ff816d025f6a0ba3') in 0.0931224 seconds
Number of updated asset objects reloaded before import = 0Number of asset objects unloaded after import = 8

========================================================================
Received Import Request.
  Time since last request: 0.000026 seconds.
  path: Assets/CartoonTracksPack1/Track1/Prefabs/Props/Banners/prop_banner_www_B.prefab
  artifactKey: Guid(2e734c5161b637d419bda9be855e3cf3) Importer(2089858483,192608db42251d675da83286b1cce702)
Start importing Assets/CartoonTracksPack1/Track1/Prefabs/Props/Banners/prop_banner_www_B.prefab using Guid(2e734c5161b637d419bda9be855e3cf3) Importer(2089858483,192608db42251d675da83286b1cce702) (ScriptedImporter) -> (artifact id: 'a6b589cbc751779bbaa48b0273ffc802') in 0.0603401 seconds
Number of updated asset objects reloaded before import = 0Number of asset objects unloaded after import = 8

========================================================================
Received Import Request.
  Time since last request: 0.000021 seconds.
  path: Assets/CartoonTracksPack1/Track1/Prefabs/Props/Baloons/prop_baloon_H.prefab
  artifactKey: Guid(3c1bdbb8ef82b9a469bc96a273d5cc27) Importer(2089858483,192608db42251d675da83286b1cce702)
Start importing Assets/CartoonTracksPack1/Track1/Prefabs/Props/Baloons/prop_baloon_H.prefab using Guid(3c1bdbb8ef82b9a469bc96a273d5cc27) Importer(2089858483,192608db42251d675da83286b1cce702) (ScriptedImporter) -> (artifact id: '1fcd1adbbf5aaeafcf8f95b39362359f') in 0.0542278 seconds
Number of updated asset objects reloaded before import = 0Number of asset objects unloaded after import = 8

========================================================================
Received Import Request.
  Time since last request: 0.000037 seconds.
  path: Assets/CartoonTracksPack1/Track1/Prefabs/Props/Baloons/prop_baloon_G.prefab
  artifactKey: Guid(ba7a4f6d879b6d140ae80c3ab4d24fc3) Importer(2089858483,192608db42251d675da83286b1cce702)
Start importing Assets/CartoonTracksPack1/Track1/Prefabs/Props/Baloons/prop_baloon_G.prefab using Guid(ba7a4f6d879b6d140ae80c3ab4d24fc3) Importer(2089858483,192608db42251d675da83286b1cce702) (ScriptedImporter) -> (artifact id: 'd15e03c9f00089b2dc842f528c36a5b4') in 0.0623906 seconds
Number of updated asset objects reloaded before import = 0Number of asset objects unloaded after import = 8

========================================================================
Received Import Request.
  Time since last request: 0.000042 seconds.
  path: Assets/CartoonTracksPack1/Track1/Textures/garages_specular.psd
  artifactKey: Guid(8b66c629a162b2a47ad4cb64253665f9) Importer(2089858483,192608db42251d675da83286b1cce702)
Start importing Assets/CartoonTracksPack1/Track1/Textures/garages_specular.psd using Guid(8b66c629a162b2a47ad4cb64253665f9) Importer(2089858483,192608db42251d675da83286b1cce702) (ScriptedImporter) -> (artifact id: '328eefd8b86d7e2366aae0c2148c2e84') in 0.1650109 seconds
Number of updated asset objects reloaded before import = 0Number of asset objects unloaded after import = 1

========================================================================
Received Import Request.
  Time since last request: 0.000020 seconds.
  path: Assets/CartoonTracksPack1/Track1/Prefabs/Props/Team Signs/prop_team_20.prefab
  artifactKey: Guid(e0a89758fb0654b48a2be82e12edb889) Importer(2089858483,192608db42251d675da83286b1cce702)
Start importing Assets/CartoonTracksPack1/Track1/Prefabs/Props/Team Signs/prop_team_20.prefab using Guid(e0a89758fb0654b48a2be82e12edb889) Importer(2089858483,192608db42251d675da83286b1cce702) (ScriptedImporter) -> (artifact id: '118d06cf81d26cf35f7ad0b34e9fbb3e') in 0.0798869 seconds
Number of updated asset objects reloaded before import = 0Number of asset objects unloaded after import = 8

========================================================================
Received Import Request.
  Time since last request: 0.000027 seconds.
  path: Assets/CartoonTracksPack1/Track1/Prefabs/Props/Team Signs/prop_team_11.prefab
  artifactKey: Guid(2a8e359ee7f80a240800588a59f6752a) Importer(2089858483,192608db42251d675da83286b1cce702)
Start importing Assets/CartoonTracksPack1/Track1/Prefabs/Props/Team Signs/prop_team_11.prefab using Guid(2a8e359ee7f80a240800588a59f6752a) Importer(2089858483,192608db42251d675da83286b1cce702) (ScriptedImporter) -> (artifact id: 'c28f231004e5f7f9e78f55e78bcf7f01') in 0.0466672 seconds
Number of updated asset objects reloaded before import = 0Number of asset objects unloaded after import = 8

========================================================================
Received Import Request.
  Time since last request: 0.000020 seconds.
  path: Assets/CartoonTracksPack1/Track1/Prefabs/Props/Team Signs/prop_team_14.prefab
  artifactKey: Guid(14bf9a7f5f1db6b45803e69251ea5c43) Importer(2089858483,192608db42251d675da83286b1cce702)
Start importing Assets/CartoonTracksPack1/Track1/Prefabs/Props/Team Signs/prop_team_14.prefab using Guid(14bf9a7f5f1db6b45803e69251ea5c43) Importer(2089858483,192608db42251d675da83286b1cce702) (ScriptedImporter) -> (artifact id: '6740569778546a1c907c8136103aa825') in 0.056205 seconds
Number of updated asset objects reloaded before import = 0Number of asset objects unloaded after import = 8

========================================================================
Received Import Request.
  Time since last request: 0.000032 seconds.
  path: Assets/CartoonTracksPack1/Track1/Prefabs/Props/Trees/prop_tree_A.prefab
  artifactKey: Guid(be438017eec07d740817351c2a812328) Importer(2089858483,192608db42251d675da83286b1cce702)
Start importing Assets/CartoonTracksPack1/Track1/Prefabs/Props/Trees/prop_tree_A.prefab using Guid(be438017eec07d740817351c2a812328) Importer(2089858483,192608db42251d675da83286b1cce702) (ScriptedImporter) -> (artifact id: '0e137f5a42ed75d9a672126f151b414f') in 0.0432716 seconds
Number of updated asset objects reloaded before import = 0Number of asset objects unloaded after import = 8

========================================================================
Received Import Request.
  Time since last request: 0.000025 seconds.
  path: Assets/CartoonTracksPack1/Track1/Prefabs/Props/Team Signs/prop_team_7.prefab
  artifactKey: Guid(ea1a57809fa40144caa2a363e070a034) Importer(2089858483,192608db42251d675da83286b1cce702)
Start importing Assets/CartoonTracksPack1/Track1/Prefabs/Props/Team Signs/prop_team_7.prefab using Guid(ea1a57809fa40144caa2a363e070a034) Importer(2089858483,192608db42251d675da83286b1cce702) (ScriptedImporter) -> (artifact id: '51c41c618c62f599cbeda50637a45b5d') in 0.0432041 seconds
Number of updated asset objects reloaded before import = 0Number of asset objects unloaded after import = 8

========================================================================
Received Import Request.
  Time since last request: 0.000029 seconds.
  path: Assets/TDG Kiddy Rides/Materials/Metal.mat
  artifactKey: Guid(c64d35bc961ed624ca893f97cc26094e) Importer(2089858483,192608db42251d675da83286b1cce702)
Start importing Assets/TDG Kiddy Rides/Materials/Metal.mat using Guid(c64d35bc961ed624ca893f97cc26094e) Importer(2089858483,192608db42251d675da83286b1cce702) (ScriptedImporter) -> (artifact id: '707075460c7d17a98eca516ab1ab13b2') in 0.0376027 seconds
Number of updated asset objects reloaded before import = 0Number of asset objects unloaded after import = 1

========================================================================
Received Import Request.
  Time since last request: 0.000021 seconds.
  path: Assets/CartoonTracksPack1/Track1/Meshes/Prefab_Meshes/prop_team_20.FBX
  artifactKey: Guid(4d2ab033a89b16941afc1a9eb2d7ac05) Importer(2089858483,192608db42251d675da83286b1cce702)
Start importing Assets/CartoonTracksPack1/Track1/Meshes/Prefab_Meshes/prop_team_20.FBX using Guid(4d2ab033a89b16941afc1a9eb2d7ac05) Importer(2089858483,192608db42251d675da83286b1cce702) (ScriptedImporter) -> (artifact id: 'cca1907edea289c14763023e20ca576a') in 0.1179268 seconds
Number of updated asset objects reloaded before import = 0Number of asset objects unloaded after import = 9

========================================================================
Received Import Request.
  Time since last request: 0.000026 seconds.
  path: Assets/Samples/XR Interaction Toolkit/3.2.2/Starter Assets/AffordanceThemes/ControllerPokeSphereScale.asset
  artifactKey: Guid(fd784a23f6ef7774a8998adf6e979d04) Importer(2089858483,192608db42251d675da83286b1cce702)
Start importing Assets/Samples/XR Interaction Toolkit/3.2.2/Starter Assets/AffordanceThemes/ControllerPokeSphereScale.asset using Guid(fd784a23f6ef7774a8998adf6e979d04) Importer(2089858483,192608db42251d675da83286b1cce702) (ScriptedImporter) -> (artifact id: 'b52407bdc35eb443f3a5829fd67f06a1') in 0.06417 seconds
Number of updated asset objects reloaded before import = 0Number of asset objects unloaded after import = 1

========================================================================
Received Import Request.
  Time since last request: 0.000028 seconds.
  path: Assets/Samples/XR Interaction Toolkit/3.2.2/Starter Assets/Editor/StarterAssets.Editor.asmdef
  artifactKey: Guid(9233538b711383d449a485633568d17c) Importer(2089858483,192608db42251d675da83286b1cce702)
Start importing Assets/Samples/XR Interaction Toolkit/3.2.2/Starter Assets/Editor/StarterAssets.Editor.asmdef using Guid(9233538b711383d449a485633568d17c) Importer(2089858483,192608db42251d675da83286b1cce702) (ScriptedImporter) -> (artifact id: '53982aca5ecc932559ec7bab72062d9b') in 0.049997 seconds
Number of updated asset objects reloaded before import = 0Number of asset objects unloaded after import = 1

========================================================================
Received Import Request.
  Time since last request: 0.000015 seconds.
  path: Assets/CartoonTracksPack1/Track1/Prefabs/Props/Tyres/prop_tyre_4x1_A.prefab
  artifactKey: Guid(6b4c664517cfbd04ab97aa1547a73a9a) Importer(2089858483,192608db42251d675da83286b1cce702)
Start importing Assets/CartoonTracksPack1/Track1/Prefabs/Props/Tyres/prop_tyre_4x1_A.prefab using Guid(6b4c664517cfbd04ab97aa1547a73a9a) Importer(2089858483,192608db42251d675da83286b1cce702) (ScriptedImporter) -> (artifact id: '933c1e9e8d576e3450f8a744fcdb44ee') in 0.076452 seconds
Number of updated asset objects reloaded before import = 0Number of asset objects unloaded after import = 8

========================================================================
Received Import Request.
  Time since last request: 0.000018 seconds.
  path: Assets/Samples/XR Interaction Toolkit/3.2.2/Starter Assets/Filters/AnyGazedAtTeleportAnchorFilter.asset
  artifactKey: Guid(0f906c94e2aa0c3488832acc1db04295) Importer(2089858483,192608db42251d675da83286b1cce702)
Start importing Assets/Samples/XR Interaction Toolkit/3.2.2/Starter Assets/Filters/AnyGazedAtTeleportAnchorFilter.asset using Guid(0f906c94e2aa0c3488832acc1db04295) Importer(2089858483,192608db42251d675da83286b1cce702) (ScriptedImporter) -> (artifact id: '03c6e261f57454d07db707726470f719') in 0.0660365 seconds
Number of updated asset objects reloaded before import = 0Number of asset objects unloaded after import = 1

========================================================================
Received Import Request.
  Time since last request: 0.000036 seconds.
  path: Assets/CartoonTracksPack1/Track1/Prefabs/Props/Tyres/prop_tyre_1x1_B.prefab
  artifactKey: Guid(3adcfd89b4f262a489e978574b6e7567) Importer(2089858483,192608db42251d675da83286b1cce702)
Start importing Assets/CartoonTracksPack1/Track1/Prefabs/Props/Tyres/prop_tyre_1x1_B.prefab using Guid(3adcfd89b4f262a489e978574b6e7567) Importer(2089858483,192608db42251d675da83286b1cce702) (ScriptedImporter) -> (artifact id: 'd8bd3595ed0912e73c501817f398139c') in 0.0646182 seconds
Number of updated asset objects reloaded before import = 0Number of asset objects unloaded after import = 8

========================================================================
Received Import Request.
  Time since last request: 0.000035 seconds.
  path: Assets/CartoonTracksPack1/Track1/Prefabs/Props/Walls/prop_wall_E.prefab
  artifactKey: Guid(f8f9106b4fd1d4d4f9746d929f3d3716) Importer(2089858483,192608db42251d675da83286b1cce702)
Start importing Assets/CartoonTracksPack1/Track1/Prefabs/Props/Walls/prop_wall_E.prefab using Guid(f8f9106b4fd1d4d4f9746d929f3d3716) Importer(2089858483,192608db42251d675da83286b1cce702) (ScriptedImporter) -> (artifact id: '3c89d4f0ec4a9c2f133c080fcb4c291c') in 0.0655368 seconds
Number of updated asset objects reloaded before import = 0Number of asset objects unloaded after import = 8

========================================================================
Received Import Request.
  Time since last request: 0.000021 seconds.
  path: Assets/Samples/XR Interaction Toolkit/3.2.2/Starter Assets/Prefabs/XR Origin (XR Rig).prefab
  artifactKey: Guid(f6336ac4ac8b4d34bc5072418cdc62a0) Importer(2089858483,192608db42251d675da83286b1cce702)
Start importing Assets/Samples/XR Interaction Toolkit/3.2.2/Starter Assets/Prefabs/XR Origin (XR Rig).prefab using Guid(f6336ac4ac8b4d34bc5072418cdc62a0) Importer(2089858483,192608db42251d675da83286b1cce702) (ScriptedImporter) -> (artifact id: '2cdcbfbeb42d4f4b76a7f4f1d911f868') in 0.346853 seconds
Number of updated asset objects reloaded before import = 0Number of asset objects unloaded after import = 356

========================================================================
Received Import Request.
  Time since last request: 0.000031 seconds.
  path: Assets/Samples/XR Interaction Toolkit/3.2.2/Starter Assets/Materials/Interactable.mat
  artifactKey: Guid(76618f7490c40334fa7b685859587d2e) Importer(2089858483,192608db42251d675da83286b1cce702)
Start importing Assets/Samples/XR Interaction Toolkit/3.2.2/Starter Assets/Materials/Interactable.mat using Guid(76618f7490c40334fa7b685859587d2e) Importer(2089858483,192608db42251d675da83286b1cce702) (ScriptedImporter) -> (artifact id: '18670b5520c807a2dfc96e1184050834') in 0.7459618 seconds
Number of updated asset objects reloaded before import = 0Number of asset objects unloaded after import = 8

========================================================================
Received Import Request.
  Time since last request: 0.000020 seconds.
  path: Assets/CartoonTracksPack1/Track1/Meshes/Prefab_Meshes/prop_baloon_J.FBX
  artifactKey: Guid(0a59197217127154eb4a7d23050dbd1d) Importer(2089858483,192608db42251d675da83286b1cce702)
Start importing Assets/CartoonTracksPack1/Track1/Meshes/Prefab_Meshes/prop_baloon_J.FBX using Guid(0a59197217127154eb4a7d23050dbd1d) Importer(2089858483,192608db42251d675da83286b1cce702) (ScriptedImporter) -> (artifact id: '876efd52b872ba6cf8a7d3583835e1cc') in 0.0286053 seconds
Number of updated asset objects reloaded before import = 0Number of asset objects unloaded after import = 9

========================================================================
Received Import Request.
  Time since last request: 0.000048 seconds.
  path: Assets/Scenes/SampleScene.unity
  artifactKey: Guid(99c9720ab356a0642a771bea13969a05) Importer(2089858483,192608db42251d675da83286b1cce702)
Start importing Assets/Scenes/SampleScene.unity using Guid(99c9720ab356a0642a771bea13969a05) Importer(2089858483,192608db42251d675da83286b1cce702) (ScriptedImporter) -> (artifact id: '864141b1b87b6418a969ace70bceb0f9') in 0.0214911 seconds
Number of updated asset objects reloaded before import = 0Number of asset objects unloaded after import = 1

========================================================================
Received Import Request.
  Time since last request: 0.000020 seconds.
  path: Assets/CartoonTracksPack1/Track1/Meshes/Prefab_Meshes/prop_gridline.FBX
  artifactKey: Guid(e61ec95774866634bb50789ebf8ae2b8) Importer(2089858483,192608db42251d675da83286b1cce702)
Start importing Assets/CartoonTracksPack1/Track1/Meshes/Prefab_Meshes/prop_gridline.FBX using Guid(e61ec95774866634bb50789ebf8ae2b8) Importer(2089858483,192608db42251d675da83286b1cce702) (ScriptedImporter) -> (artifact id: 'f9bd2e6772cc8885a9ba2c62dc1271c5') in 0.0351887 seconds
Number of updated asset objects reloaded before import = 0Number of asset objects unloaded after import = 8

========================================================================
Received Import Request.
  Time since last request: 0.000031 seconds.
  path: Assets/Samples/XR Interaction Toolkit/3.2.2/Starter Assets/TunnelingVignette/TunnelingVignetteHemisphere.fbx
  artifactKey: Guid(5833e680dc0f7ae47aec6b4286570484) Importer(2089858483,192608db42251d675da83286b1cce702)
Start importing Assets/Samples/XR Interaction Toolkit/3.2.2/Starter Assets/TunnelingVignette/TunnelingVignetteHemisphere.fbx using Guid(5833e680dc0f7ae47aec6b4286570484) Importer(2089858483,192608db42251d675da83286b1cce702) (ScriptedImporter) -> (artifact id: '6ba9faf427498ee23136953d7ca2d328') in 0.051829 seconds
Number of updated asset objects reloaded before import = 0Number of asset objects unloaded after import = 7

========================================================================
Received Import Request.
  Time since last request: 0.000020 seconds.
  path: Assets/Samples/XR Interaction Toolkit/3.2.2/XR Interaction Simulator/Hand Expressions/Poke Expression Capture.asset
  artifactKey: Guid(ac5d39631059b48e7adac17367aa3908) Importer(2089858483,192608db42251d675da83286b1cce702)
Start importing Assets/Samples/XR Interaction Toolkit/3.2.2/XR Interaction Simulator/Hand Expressions/Poke Expression Capture.asset using Guid(ac5d39631059b48e7adac17367aa3908) Importer(2089858483,192608db42251d675da83286b1cce702) (ScriptedImporter) -> (artifact id: '46d2fb101905893958d19407ae6b6b0d') in 0.0265787 seconds
Number of updated asset objects reloaded before import = 0Number of asset objects unloaded after import = 1

========================================================================
Received Import Request.
  Time since last request: 0.000034 seconds.
  path: Assets/Samples/XR Interaction Toolkit/3.2.2/XR Interaction Simulator/Hand Expressions/Open Expression Capture.asset
  artifactKey: Guid(7ea145a784214457f9e6950f55d58b34) Importer(2089858483,192608db42251d675da83286b1cce702)
Start importing Assets/Samples/XR Interaction Toolkit/3.2.2/XR Interaction Simulator/Hand Expressions/Open Expression Capture.asset using Guid(7ea145a784214457f9e6950f55d58b34) Importer(2089858483,192608db42251d675da83286b1cce702) (ScriptedImporter) -> (artifact id: '576fb1c34d262a2d16f71b6fdb71d58c') in 0.0235598 seconds
Number of updated asset objects reloaded before import = 0Number of asset objects unloaded after import = 1

========================================================================
Received Import Request.
  Time since last request: 0.000016 seconds.
  path: Assets/Samples/XR Interaction Toolkit/3.2.2/Starter Assets/TunnelingVignette/TunnelingVignette.prefab
  artifactKey: Guid(6c8af5c8012f01440af6cb2bc3eb987c) Importer(2089858483,192608db42251d675da83286b1cce702)
Start importing Assets/Samples/XR Interaction Toolkit/3.2.2/Starter Assets/TunnelingVignette/TunnelingVignette.prefab using Guid(6c8af5c8012f01440af6cb2bc3eb987c) Importer(2089858483,192608db42251d675da83286b1cce702) (ScriptedImporter) -> (artifact id: '16f734bb44ae6ca4f82933c30ff4493f') in 0.0655375 seconds
Number of updated asset objects reloaded before import = 0Number of asset objects unloaded after import = 10

========================================================================
Received Import Request.
  Time since last request: 0.000018 seconds.
  path: Assets/Samples/XR Interaction Toolkit/3.2.2/Starter Assets/Shaders/Interactable.shadergraph
  artifactKey: Guid(0927d29e476ce5843b1f7d2a96943c51) Importer(2089858483,192608db42251d675da83286b1cce702)
Start importing Assets/Samples/XR Interaction Toolkit/3.2.2/Starter Assets/Shaders/Interactable.shadergraph using Guid(0927d29e476ce5843b1f7d2a96943c51) Importer(2089858483,192608db42251d675da83286b1cce702) (ScriptedImporter) -> (artifact id: '3bd1d8f7bcfda95c6e2dbe0c822f1b27') in 0.0385488 seconds
Number of updated asset objects reloaded before import = 0Number of asset objects unloaded after import = 6

========================================================================
Received Import Request.
  Time since last request: 0.000022 seconds.
  path: Assets/Samples/XR Interaction Toolkit/3.2.2/XR Interaction Simulator/Hand Expressions/Thumb Expression Capture.asset
  artifactKey: Guid(b8da6254ca32341d6b80019659732616) Importer(2089858483,192608db42251d675da83286b1cce702)
Start importing Assets/Samples/XR Interaction Toolkit/3.2.2/XR Interaction Simulator/Hand Expressions/Thumb Expression Capture.asset using Guid(b8da6254ca32341d6b80019659732616) Importer(2089858483,192608db42251d675da83286b1cce702) (ScriptedImporter) -> (artifact id: 'fbf15648ac4164d64580f0ea701a919c') in 0.0256783 seconds
Number of updated asset objects reloaded before import = 0Number of asset objects unloaded after import = 1

========================================================================
Received Import Request.
  Time since last request: 0.000028 seconds.
  path: Assets/Samples/XR Interaction Toolkit/3.2.2/Starter Assets/TunnelingVignette/TunnelingVignetteSG.shadergraph
  artifactKey: Guid(c109fab5d2bf5f64598ed69d2c16ceb3) Importer(2089858483,192608db42251d675da83286b1cce702)
Start importing Assets/Samples/XR Interaction Toolkit/3.2.2/Starter Assets/TunnelingVignette/TunnelingVignetteSG.shadergraph using Guid(c109fab5d2bf5f64598ed69d2c16ceb3) Importer(2089858483,192608db42251d675da83286b1cce702) (ScriptedImporter) -> (artifact id: 'b802186a24df71d7ccf0ae0f5cb1626f') in 0.0514445 seconds
Number of updated asset objects reloaded before import = 0Number of asset objects unloaded after import = 5

========================================================================
Received Import Request.
  Time since last request: 0.000017 seconds.
  path: Assets/CartoonTracksPack1/Track1/Prefabs/Props/Banners/prop_banner_medium_C.prefab
  artifactKey: Guid(51087d8cae282b94a9c6e494c3062f9f) Importer(2089858483,192608db42251d675da83286b1cce702)
Start importing Assets/CartoonTracksPack1/Track1/Prefabs/Props/Banners/prop_banner_medium_C.prefab using Guid(51087d8cae282b94a9c6e494c3062f9f) Importer(2089858483,192608db42251d675da83286b1cce702) (ScriptedImporter) -> (artifact id: 'f40dec622e52f00931afb09940e75b1e') in 0.0428425 seconds
Number of updated asset objects reloaded before import = 0Number of asset objects unloaded after import = 8

========================================================================
Received Import Request.
  Time since last request: 0.000020 seconds.
  path: Assets/Samples/XR Interaction Toolkit/3.2.2/Starter Assets/Models/Pinch_Pointer_LOD0.fbx
  artifactKey: Guid(e053b8fbc416ba349b4a58a26410bba2) Importer(2089858483,192608db42251d675da83286b1cce702)
Start importing Assets/Samples/XR Interaction Toolkit/3.2.2/Starter Assets/Models/Pinch_Pointer_LOD0.fbx using Guid(e053b8fbc416ba349b4a58a26410bba2) Importer(2089858483,192608db42251d675da83286b1cce702) (ScriptedImporter) -> (artifact id: '56d8a09bb440ee71fc6c2a460ffb0e45') in 0.0324192 seconds
Number of updated asset objects reloaded before import = 0Number of asset objects unloaded after import = 6

========================================================================
Received Import Request.
  Time since last request: 0.000018 seconds.
  path: Assets/Samples/XR Interaction Toolkit/3.2.2/Starter Assets/DemoSceneAssets/Scripts/MultiAnchorTeleportReticle.cs
  artifactKey: Guid(e001d3dc91354f8f8c590b4e1d1d3da9) Importer(2089858483,192608db42251d675da83286b1cce702)
Start importing Assets/Samples/XR Interaction Toolkit/3.2.2/Starter Assets/DemoSceneAssets/Scripts/MultiAnchorTeleportReticle.cs using Guid(e001d3dc91354f8f8c590b4e1d1d3da9) Importer(2089858483,192608db42251d675da83286b1cce702) (ScriptedImporter) -> (artifact id: '7b8dd315853149d2a7422dbf150ec4a8') in 0.0232256 seconds
Number of updated asset objects reloaded before import = 0Number of asset objects unloaded after import = 0

========================================================================
Received Import Request.
  Time since last request: 0.000027 seconds.
  path: Assets/Samples/XR Interaction Toolkit/3.2.2/Starter Assets/DemoSceneAssets/Prefabs/Interactables Sample.prefab
  artifactKey: Guid(6821e1b7f44d8c44b8a2ba02f37309d5) Importer(2089858483,192608db42251d675da83286b1cce702)
Start importing Assets/Samples/XR Interaction Toolkit/3.2.2/Starter Assets/DemoSceneAssets/Prefabs/Interactables Sample.prefab using Guid(6821e1b7f44d8c44b8a2ba02f37309d5) Importer(2089858483,192608db42251d675da83286b1cce702) (ScriptedImporter) -> (artifact id: '9f03107508e365d17b6254632a1460c1') in 0.1286027 seconds
Number of updated asset objects reloaded before import = 0Number of asset objects unloaded after import = 68

========================================================================
Received Import Request.
  Time since last request: 0.000018 seconds.
  path: Assets/Samples/XR Interaction Toolkit/3.2.2/XR Interaction Simulator/UI/XR Interaction Simulator UI.prefab
  artifactKey: Guid(be0c86f67bf3f46659373b3776d9ecbb) Importer(2089858483,192608db42251d675da83286b1cce702)
Start importing Assets/Samples/XR Interaction Toolkit/3.2.2/XR Interaction Simulator/UI/XR Interaction Simulator UI.prefab using Guid(be0c86f67bf3f46659373b3776d9ecbb) Importer(2089858483,192608db42251d675da83286b1cce702) (ScriptedImporter) -> (artifact id: '103e80840d765e89bac228e40a671477') in 0.1409614 seconds
Number of updated asset objects reloaded before import = 0Number of asset objects unloaded after import = 1417

========================================================================
Received Import Request.
  Time since last request: 0.000022 seconds.
  path: Assets/Samples/XR Interaction Toolkit/3.2.2/Starter Assets/DemoSceneAssets/Materials/Lit White.mat
  artifactKey: Guid(fc226930e8fad4c499969204cecfbc05) Importer(2089858483,192608db42251d675da83286b1cce702)
Start importing Assets/Samples/XR Interaction Toolkit/3.2.2/Starter Assets/DemoSceneAssets/Materials/Lit White.mat using Guid(fc226930e8fad4c499969204cecfbc05) Importer(2089858483,192608db42251d675da83286b1cce702) (ScriptedImporter) -> (artifact id: '862b2fded0a71b98930b28460d2f9aa5') in 0.0292216 seconds
Number of updated asset objects reloaded before import = 0Number of asset objects unloaded after import = 2

========================================================================
Received Import Request.
  Time since last request: 0.000041 seconds.
  path: Assets/Samples/XR Interaction Toolkit/3.2.2/Starter Assets/DemoSceneAssets/Models/Primitive_Blaster.fbx
  artifactKey: Guid(e8cf87fef9298444ca38948b2c8a4073) Importer(2089858483,192608db42251d675da83286b1cce702)
Start importing Assets/Samples/XR Interaction Toolkit/3.2.2/Starter Assets/DemoSceneAssets/Models/Primitive_Blaster.fbx using Guid(e8cf87fef9298444ca38948b2c8a4073) Importer(2089858483,192608db42251d675da83286b1cce702) (ScriptedImporter) -> (artifact id: '64f784eddfd2ad1bff49afc5cf79b2a8') in 0.0538795 seconds
Number of updated asset objects reloaded before import = 0Number of asset objects unloaded after import = 9

========================================================================
Received Import Request.
  Time since last request: 0.000023 seconds.
  path: Assets/Samples/XR Interaction Toolkit/3.2.2/Starter Assets/DemoSceneAssets/Audio/Button Pop.wav
  artifactKey: Guid(16fba6d30ed741d4a9fdd6e79ee2f3ac) Importer(2089858483,192608db42251d675da83286b1cce702)
Start importing Assets/Samples/XR Interaction Toolkit/3.2.2/Starter Assets/DemoSceneAssets/Audio/Button Pop.wav using Guid(16fba6d30ed741d4a9fdd6e79ee2f3ac) Importer(2089858483,192608db42251d675da83286b1cce702) (ScriptedImporter) -> (artifact id: '05820fab4df530b11a721dfe5c1cd5a6') in 0.1010804 seconds
Number of updated asset objects reloaded before import = 0Number of asset objects unloaded after import = 1

========================================================================
Received Import Request.
  Time since last request: 0.000018 seconds.
  path: Assets/Samples/XR Interaction Toolkit/3.2.2/XR Interaction Simulator/UI/Controller/ControllerRight.png
  artifactKey: Guid(e854b252bbd914e019576e0089dfc2d6) Importer(2089858483,192608db42251d675da83286b1cce702)
Start importing Assets/Samples/XR Interaction Toolkit/3.2.2/XR Interaction Simulator/UI/Controller/ControllerRight.png using Guid(e854b252bbd914e019576e0089dfc2d6) Importer(2089858483,192608db42251d675da83286b1cce702) (ScriptedImporter) -> (artifact id: '538fbf08127170031992db80fbc719dc') in 0.0523675 seconds
Number of updated asset objects reloaded before import = 0Number of asset objects unloaded after import = 3

========================================================================
Received Import Request.
  Time since last request: 0.000032 seconds.
  path: Assets/Samples/XR Interaction Toolkit/3.2.2/Starter Assets/DemoSceneAssets/Textures/Concrete_Albedo.tif
  artifactKey: Guid(5a327724a94a9674a8a93e6b4e9a6eee) Importer(2089858483,192608db42251d675da83286b1cce702)
Start importing Assets/Samples/XR Interaction Toolkit/3.2.2/Starter Assets/DemoSceneAssets/Textures/Concrete_Albedo.tif using Guid(5a327724a94a9674a8a93e6b4e9a6eee) Importer(2089858483,192608db42251d675da83286b1cce702) (ScriptedImporter) -> (artifact id: 'a44c936022bd360e5d24b6c08b2f6cac') in 0.048002 seconds
Number of updated asset objects reloaded before import = 0Number of asset objects unloaded after import = 1

========================================================================
Received Import Request.
  Time since last request: 0.000016 seconds.
  path: Assets/Samples/XR Interaction Toolkit/3.2.2/Starter Assets/DemoSceneAssets/Textures/Concrete_Normal.tif
  artifactKey: Guid(cdebec39dbf81a14688e1de8d12897b4) Importer(2089858483,192608db42251d675da83286b1cce702)
Start importing Assets/Samples/XR Interaction Toolkit/3.2.2/Starter Assets/DemoSceneAssets/Textures/Concrete_Normal.tif using Guid(cdebec39dbf81a14688e1de8d12897b4) Importer(2089858483,192608db42251d675da83286b1cce702) (ScriptedImporter) -> (artifact id: '598380de717c0d094d4332299811db80') in 0.0318024 seconds
Number of updated asset objects reloaded before import = 0Number of asset objects unloaded after import = 1

========================================================================
Received Import Request.
  Time since last request: 0.000016 seconds.
  path: Assets/Samples/XR Interaction Toolkit/3.2.2/Starter Assets/DemoSceneAssets/Sprites/Forward.png
  artifactKey: Guid(f8ecc54972abacc46a93f671b0602139) Importer(2089858483,192608db42251d675da83286b1cce702)
Start importing Assets/Samples/XR Interaction Toolkit/3.2.2/Starter Assets/DemoSceneAssets/Sprites/Forward.png using Guid(f8ecc54972abacc46a93f671b0602139) Importer(2089858483,192608db42251d675da83286b1cce702) (ScriptedImporter) -> (artifact id: '6acbd78e5f8f70ff1c6edb6322622a31') in 0.0342815 seconds
Number of updated asset objects reloaded before import = 0Number of asset objects unloaded after import = 3

========================================================================
Received Import Request.
  Time since last request: 0.000023 seconds.
  path: Assets/Samples/XR Interaction Toolkit/3.2.2/Starter Assets/Editor/Scripts/StarterAssetsSampleProjectValidation.cs
  artifactKey: Guid(ef67ceb22b2224643a2d5004fc2a678a) Importer(2089858483,192608db42251d675da83286b1cce702)
Start importing Assets/Samples/XR Interaction Toolkit/3.2.2/Starter Assets/Editor/Scripts/StarterAssetsSampleProjectValidation.cs using Guid(ef67ceb22b2224643a2d5004fc2a678a) Importer(2089858483,192608db42251d675da83286b1cce702) (ScriptedImporter) -> (artifact id: '17c29b6bb1eda59a36bb333f0070cf60') in 0.027773 seconds
Number of updated asset objects reloaded before import = 0Number of asset objects unloaded after import = 0

========================================================================
Received Import Request.
  Time since last request: 0.000030 seconds.
  path: Assets/Samples/XR Interaction Toolkit/3.2.2/Starter Assets/Prefabs/Interactors/Poke Interactor.prefab
  artifactKey: Guid(27024f5809f4a4347b9cd7f26a1bdf93) Importer(2089858483,192608db42251d675da83286b1cce702)
Start importing Assets/Samples/XR Interaction Toolkit/3.2.2/Starter Assets/Prefabs/Interactors/Poke Interactor.prefab using Guid(27024f5809f4a4347b9cd7f26a1bdf93) Importer(2089858483,192608db42251d675da83286b1cce702) (ScriptedImporter) -> (artifact id: '0b1a206c585ad30af499d383de50b803') in 0.0655505 seconds
Number of updated asset objects reloaded before import = 0Number of asset objects unloaded after import = 12

========================================================================
Received Import Request.
  Time since last request: 0.000022 seconds.
  path: Assets/Samples/XR Interaction Toolkit/3.2.2/Starter Assets/Prefabs/Interactors/Right_NearFarInteractor.prefab
  artifactKey: Guid(b200f6587d118224eba8467281481800) Importer(2089858483,192608db42251d675da83286b1cce702)
Start importing Assets/Samples/XR Interaction Toolkit/3.2.2/Starter Assets/Prefabs/Interactors/Right_NearFarInteractor.prefab using Guid(b200f6587d118224eba8467281481800) Importer(2089858483,192608db42251d675da83286b1cce702) (ScriptedImporter) -> (artifact id: 'c425e91d7fb699145f4b03c2f6362c7e') in 0.1117048 seconds
Number of updated asset objects reloaded before import = 0Number of asset objects unloaded after import = 46

========================================================================
Received Import Request.
  Time since last request: 0.000031 seconds.
  path: Assets/CartoonTracksPack1/Track1/Meshes/Prefab_Meshes/prop_seats_big.FBX
  artifactKey: Guid(cab3bcd8972b36c47a2a11d51461acd9) Importer(2089858483,192608db42251d675da83286b1cce702)
Start importing Assets/CartoonTracksPack1/Track1/Meshes/Prefab_Meshes/prop_seats_big.FBX using Guid(cab3bcd8972b36c47a2a11d51461acd9) Importer(2089858483,192608db42251d675da83286b1cce702) (ScriptedImporter) -> (artifact id: 'c61d19a3a0722e494b1391035e69f203') in 0.0792729 seconds
Number of updated asset objects reloaded before import = 0Number of asset objects unloaded after import = 9

========================================================================
Received Import Request.
  Time since last request: 0.000043 seconds.
  path: Assets/Samples/XR Interaction Toolkit/3.2.2/XR Interaction Simulator/UI/Hands/Hand_Left.png
  artifactKey: Guid(f4ae9f38f5d3b410f84c02c1486c64eb) Importer(2089858483,192608db42251d675da83286b1cce702)
Start importing Assets/Samples/XR Interaction Toolkit/3.2.2/XR Interaction Simulator/UI/Hands/Hand_Left.png using Guid(f4ae9f38f5d3b410f84c02c1486c64eb) Importer(2089858483,192608db42251d675da83286b1cce702) (ScriptedImporter) -> (artifact id: 'ef1c49672052929f9e0927616221cd0f') in 0.0352614 seconds
Number of updated asset objects reloaded before import = 0Number of asset objects unloaded after import = 3

========================================================================
Received Import Request.
  Time since last request: 0.000018 seconds.
  path: Assets/Samples/XR Interaction Toolkit/3.2.2/XR Interaction Simulator/UI/Headset/HeadsetOutline.png
  artifactKey: Guid(f9cb67e576d274c29bfa90e7bd16ba32) Importer(2089858483,192608db42251d675da83286b1cce702)
Start importing Assets/Samples/XR Interaction Toolkit/3.2.2/XR Interaction Simulator/UI/Headset/HeadsetOutline.png using Guid(f9cb67e576d274c29bfa90e7bd16ba32) Importer(2089858483,192608db42251d675da83286b1cce702) (ScriptedImporter) -> (artifact id: 'a03651eb24d30f7bc8219895a136eb8c') in 0.0397944 seconds
Number of updated asset objects reloaded before import = 0Number of asset objects unloaded after import = 3

========================================================================
Received Import Request.
  Time since last request: 0.000020 seconds.
  path: Assets/Samples/XR Interaction Toolkit/3.2.2/XR Interaction Simulator/UI/Highlight/highlight_rect_vertical.png
  artifactKey: Guid(269338fb8e448438b9e9667d6d1cea81) Importer(2089858483,192608db42251d675da83286b1cce702)
Start importing Assets/Samples/XR Interaction Toolkit/3.2.2/XR Interaction Simulator/UI/Highlight/highlight_rect_vertical.png using Guid(269338fb8e448438b9e9667d6d1cea81) Importer(2089858483,192608db42251d675da83286b1cce702) (ScriptedImporter) -> (artifact id: '3c2770a3e8462a18099eaeb5db62a988') in 0.0291661 seconds
Number of updated asset objects reloaded before import = 0Number of asset objects unloaded after import = 3

========================================================================
Received Import Request.
  Time since last request: 0.000021 seconds.
  path: Assets/Samples/XR Interaction Toolkit/3.2.2/XR Interaction Simulator/UI/Hands/Hand_Right.png
  artifactKey: Guid(c4d8b8565bef1451b94058ebfcab985d) Importer(2089858483,192608db42251d675da83286b1cce702)
Start importing Assets/Samples/XR Interaction Toolkit/3.2.2/XR Interaction Simulator/UI/Hands/Hand_Right.png using Guid(c4d8b8565bef1451b94058ebfcab985d) Importer(2089858483,192608db42251d675da83286b1cce702) (ScriptedImporter) -> (artifact id: 'b5ee208b66ed96795ed76d6899f92baf') in 0.0472683 seconds
Number of updated asset objects reloaded before import = 0Number of asset objects unloaded after import = 3

========================================================================
Received Import Request.
  Time since last request: 0.000029 seconds.
  path: Assets/Samples/XR Interaction Toolkit/3.2.2/XR Interaction Simulator/UI/Hands/RightHandOutline@2x.png
  artifactKey: Guid(fd446dd001ea5485bb654a52817c3e96) Importer(2089858483,192608db42251d675da83286b1cce702)
Start importing Assets/Samples/XR Interaction Toolkit/3.2.2/XR Interaction Simulator/UI/Hands/RightHandOutline@2x.png using Guid(fd446dd001ea5485bb654a52817c3e96) Importer(2089858483,192608db42251d675da83286b1cce702) (ScriptedImporter) -> (artifact id: 'd0b577f2f4605191bc93f3a918a3151c') in 0.0409353 seconds
Number of updated asset objects reloaded before import = 0Number of asset objects unloaded after import = 3

========================================================================
Received Import Request.
  Time since last request: 0.000018 seconds.
  path: Assets/Samples/XR Interaction Toolkit/3.2.2/XR Interaction Simulator/UI/Highlight/RoundedHighlight.png
  artifactKey: Guid(e6eb07daf4cc52449a15922f0b93851d) Importer(2089858483,192608db42251d675da83286b1cce702)
Start importing Assets/Samples/XR Interaction Toolkit/3.2.2/XR Interaction Simulator/UI/Highlight/RoundedHighlight.png using Guid(e6eb07daf4cc52449a15922f0b93851d) Importer(2089858483,192608db42251d675da83286b1cce702) (ScriptedImporter) -> (artifact id: 'bb6e9494cc8cace65e4f906ca58f92d4') in 0.0365125 seconds
Number of updated asset objects reloaded before import = 0Number of asset objects unloaded after import = 3

========================================================================
Received Import Request.
  Time since last request: 0.000017 seconds.
  path: Assets/TDG Kiddy Rides/Prefabs/Background.prefab
  artifactKey: Guid(13a000b01d20a404f8c27c649462ff14) Importer(2089858483,192608db42251d675da83286b1cce702)
Start importing Assets/TDG Kiddy Rides/Prefabs/Background.prefab using Guid(13a000b01d20a404f8c27c649462ff14) Importer(2089858483,192608db42251d675da83286b1cce702) (ScriptedImporter) -> (artifact id: '2dc79c1731b19141f488219196619936') in 0.0685683 seconds
Number of updated asset objects reloaded before import = 0Number of asset objects unloaded after import = 13

========================================================================
Received Import Request.
  Time since last request: 0.000025 seconds.
  path: Assets/CartoonTracksPack1/Track1/Prefabs/Props/prop_metal_pole.prefab
  artifactKey: Guid(6013d73922d0dfb41914e10f21172d93) Importer(2089858483,192608db42251d675da83286b1cce702)
Start importing Assets/CartoonTracksPack1/Track1/Prefabs/Props/prop_metal_pole.prefab using Guid(6013d73922d0dfb41914e10f21172d93) Importer(2089858483,192608db42251d675da83286b1cce702) (ScriptedImporter) -> (artifact id: '1dfb3c8b9fffaab9bd520be8cd07f549') in 0.0537791 seconds
Number of updated asset objects reloaded before import = 0Number of asset objects unloaded after import = 8

========================================================================
Received Import Request.
  Time since last request: 0.000030 seconds.
  path: Assets/Samples/XR Interaction Toolkit/3.2.2/Starter Assets/DemoSceneAssets/Prefabs/UI/Dropdown.prefab
  artifactKey: Guid(870459f1cb8d7b7428337cc5935feb67) Importer(2089858483,192608db42251d675da83286b1cce702)
Start importing Assets/Samples/XR Interaction Toolkit/3.2.2/Starter Assets/DemoSceneAssets/Prefabs/UI/Dropdown.prefab using Guid(870459f1cb8d7b7428337cc5935feb67) Importer(2089858483,192608db42251d675da83286b1cce702) (ScriptedImporter) -> (artifact id: '83a7232df24acd088fc764ee0bcd833d') in 0.109407 seconds
Number of updated asset objects reloaded before import = 0Number of asset objects unloaded after import = 61

========================================================================
Received Import Request.
  Time since last request: 0.000023 seconds.
  path: Assets/Samples/XR Interaction Toolkit/3.2.2/Starter Assets/DemoSceneAssets/Prefabs/Teleport/Snap Teleport Anchor.prefab
  artifactKey: Guid(037ba65d346be2a48ad006b9a9a3873e) Importer(2089858483,192608db42251d675da83286b1cce702)
Start importing Assets/Samples/XR Interaction Toolkit/3.2.2/Starter Assets/DemoSceneAssets/Prefabs/Teleport/Snap Teleport Anchor.prefab using Guid(037ba65d346be2a48ad006b9a9a3873e) Importer(2089858483,192608db42251d675da83286b1cce702) (ScriptedImporter) -> (artifact id: '58aeb57e6fa398838da70a0ce0d1d255') in 0.1025897 seconds
Number of updated asset objects reloaded before import = 0Number of asset objects unloaded after import = 37

========================================================================
Received Import Request.
  Time since last request: 0.000031 seconds.
  path: Assets/Samples/XR Interaction Toolkit/3.2.2/Starter Assets/DemoSceneAssets/Prefabs/Climb/Single Floor Ladder.prefab
  artifactKey: Guid(1f62bdd0e59688d4bb754afe89fa2f5a) Importer(2089858483,192608db42251d675da83286b1cce702)
Start importing Assets/Samples/XR Interaction Toolkit/3.2.2/Starter Assets/DemoSceneAssets/Prefabs/Climb/Single Floor Ladder.prefab using Guid(1f62bdd0e59688d4bb754afe89fa2f5a) Importer(2089858483,192608db42251d675da83286b1cce702) (ScriptedImporter) -> (artifact id: '6dcc0dee86134238332567dcd738e2f3') in 0.123963 seconds
Number of updated asset objects reloaded before import = 0Number of asset objects unloaded after import = 198

========================================================================
Received Import Request.
  Time since last request: 0.000044 seconds.
  path: Assets/Samples/XR Interaction Toolkit/3.2.2/Starter Assets/DemoSceneAssets/Prefabs/Interactables/Pot.prefab
  artifactKey: Guid(d5615d616019430d9c2e8727e71c97fb) Importer(2089858483,192608db42251d675da83286b1cce702)
Start importing Assets/Samples/XR Interaction Toolkit/3.2.2/Starter Assets/DemoSceneAssets/Prefabs/Interactables/Pot.prefab using Guid(d5615d616019430d9c2e8727e71c97fb) Importer(2089858483,192608db42251d675da83286b1cce702) (ScriptedImporter) -> (artifact id: 'e3d28008d38585f17559df73b1fe068f') in 0.061978 seconds
Number of updated asset objects reloaded before import = 0Number of asset objects unloaded after import = 24

========================================================================
Received Import Request.
  Time since last request: 0.000028 seconds.
  path: Assets/Samples/XR Interaction Toolkit/3.2.2/Starter Assets/DemoSceneAssets/Prefabs/Climb/Climb Sample.prefab
  artifactKey: Guid(2ea572d587ee60f44bd5baa3bc2d6503) Importer(2089858483,192608db42251d675da83286b1cce702)
Start importing Assets/Samples/XR Interaction Toolkit/3.2.2/Starter Assets/DemoSceneAssets/Prefabs/Climb/Climb Sample.prefab using Guid(2ea572d587ee60f44bd5baa3bc2d6503) Importer(2089858483,192608db42251d675da83286b1cce702) (ScriptedImporter) -> (artifact id: '658f99c9f247b2af8d9d2b6c90cc75b7') in 0.0652792 seconds
Number of updated asset objects reloaded before import = 0Number of asset objects unloaded after import = 792

========================================================================
Received Import Request.
  Time since last request: 0.000017 seconds.
  path: Assets/Samples/XR Interaction Toolkit/3.2.2/Starter Assets/DemoSceneAssets/Prefabs/UI/Scroll UI Sample.prefab
  artifactKey: Guid(0cbc0856f0fb8d84a81be5dea463c369) Importer(2089858483,192608db42251d675da83286b1cce702)
Start importing Assets/Samples/XR Interaction Toolkit/3.2.2/Starter Assets/DemoSceneAssets/Prefabs/UI/Scroll UI Sample.prefab using Guid(0cbc0856f0fb8d84a81be5dea463c369) Importer(2089858483,192608db42251d675da83286b1cce702) (ScriptedImporter) -> (artifact id: '119e558aa4c4f1bdb778322a7cb77e23') in 0.0600599 seconds
Number of updated asset objects reloaded before import = 0Number of asset objects unloaded after import = 72

========================================================================
Received Import Request.
  Time since last request: 0.000019 seconds.
  path: Assets/Samples/XR Interaction Toolkit/3.2.2/Starter Assets/DemoSceneAssets/Prefabs/Interactables/Blaser.prefab
  artifactKey: Guid(3549fdaf258e11846b85a316c16c699c) Importer(2089858483,192608db42251d675da83286b1cce702)
Start importing Assets/Samples/XR Interaction Toolkit/3.2.2/Starter Assets/DemoSceneAssets/Prefabs/Interactables/Blaser.prefab using Guid(3549fdaf258e11846b85a316c16c699c) Importer(2089858483,192608db42251d675da83286b1cce702) (ScriptedImporter) -> (artifact id: 'd5ba34f24a3cff83a0a34298a53bb866') in 0.088535 seconds
Number of updated asset objects reloaded before import = 0Number of asset objects unloaded after import = 31

========================================================================
Received Import Request.
  Time since last request: 0.000035 seconds.
  path: Assets/Samples/XR Interaction Toolkit/3.2.2/Starter Assets/DemoSceneAssets/Prefabs/Climb/Ladder.prefab
  artifactKey: Guid(b3830b3b2f190ee46a9c88433e985221) Importer(2089858483,192608db42251d675da83286b1cce702)
Start importing Assets/Samples/XR Interaction Toolkit/3.2.2/Starter Assets/DemoSceneAssets/Prefabs/Climb/Ladder.prefab using Guid(b3830b3b2f190ee46a9c88433e985221) Importer(2089858483,192608db42251d675da83286b1cce702) (ScriptedImporter) -> (artifact id: 'b242de311c29153657030f5138845638') in 0.0610508 seconds
Number of updated asset objects reloaded before import = 0Number of asset objects unloaded after import = 141

========================================================================
Received Import Request.
  Time since last request: 0.000036 seconds.
  path: Assets/CartoonTracksPack1/Track1/Prefabs/Props/Baloons/prop_baloon_A.prefab
  artifactKey: Guid(d04d36c2e9aca9448b05e8fee4f331ab) Importer(2089858483,192608db42251d675da83286b1cce702)
Start importing Assets/CartoonTracksPack1/Track1/Prefabs/Props/Baloons/prop_baloon_A.prefab using Guid(d04d36c2e9aca9448b05e8fee4f331ab) Importer(2089858483,192608db42251d675da83286b1cce702) (ScriptedImporter) -> (artifact id: 'd41298f2f7404dcb370e47a21721fbdf') in 0.0575212 seconds
Number of updated asset objects reloaded before import = 0Number of asset objects unloaded after import = 8

========================================================================
Received Import Request.
  Time since last request: 0.000019 seconds.
  path: Assets/CartoonTracksPack1/Track1/Meshes/Track_Meshes/OvalModular/oval_complete_colliders.FBX
  artifactKey: Guid(6045173226090e44fa1a03375d2b519a) Importer(2089858483,192608db42251d675da83286b1cce702)
Start importing Assets/CartoonTracksPack1/Track1/Meshes/Track_Meshes/OvalModular/oval_complete_colliders.FBX using Guid(6045173226090e44fa1a03375d2b519a) Importer(2089858483,192608db42251d675da83286b1cce702) (ScriptedImporter) -> (artifact id: 'a7c7965095dd82f7f08461b9630a29d8') in 0.1215969 seconds
Number of updated asset objects reloaded before import = 0Number of asset objects unloaded after import = 251

========================================================================
Received Import Request.
  Time since last request: 0.000036 seconds.
  path: Assets/TDG Kiddy Rides/Materials/Roof.mat
  artifactKey: Guid(3f66828745ac52d44a720efefdae8ae8) Importer(2089858483,192608db42251d675da83286b1cce702)
Start importing Assets/TDG Kiddy Rides/Materials/Roof.mat using Guid(3f66828745ac52d44a720efefdae8ae8) Importer(2089858483,192608db42251d675da83286b1cce702) (ScriptedImporter) -> (artifact id: 'b6c947288073f2569e94590492c2ed4c') in 0.036363 seconds
Number of updated asset objects reloaded before import = 0Number of asset objects unloaded after import = 1

========================================================================
Received Import Request.
  Time since last request: 0.000017 seconds.
  path: Assets/TDG Kiddy Rides/Animations/Fire Engine Body.controller
  artifactKey: Guid(49244081a0df2fa4aa1f5deab0e7ba9e) Importer(2089858483,192608db42251d675da83286b1cce702)
Start importing Assets/TDG Kiddy Rides/Animations/Fire Engine Body.controller using Guid(49244081a0df2fa4aa1f5deab0e7ba9e) Importer(2089858483,192608db42251d675da83286b1cce702) (ScriptedImporter) -> (artifact id: '66483a35e598847f73c9ac4074ee4cfd') in 0.0582849 seconds
Number of updated asset objects reloaded before import = 0Number of asset objects unloaded after import = 4

========================================================================
Received Import Request.
  Time since last request: 0.000019 seconds.
  path: Assets/Samples/XR Interaction Toolkit/3.2.2/Starter Assets/AffordanceThemes/HighlightInteractionColor.asset
  artifactKey: Guid(8b0b5aede76faac438e02d2a468f4805) Importer(2089858483,192608db42251d675da83286b1cce702)
Start importing Assets/Samples/XR Interaction Toolkit/3.2.2/Starter Assets/AffordanceThemes/HighlightInteractionColor.asset using Guid(8b0b5aede76faac438e02d2a468f4805) Importer(2089858483,192608db42251d675da83286b1cce702) (ScriptedImporter) -> (artifact id: '8894e58f90538aa8a155da4ec897f25a') in 0.0325082 seconds
Number of updated asset objects reloaded before import = 0Number of asset objects unloaded after import = 1

========================================================================
Received Import Request.
  Time since last request: 0.000019 seconds.
  path: Assets/TDG Kiddy Rides/Prefabs/CoinDrop.prefab
  artifactKey: Guid(cade5e6563c00704cbe1a11dc1f366de) Importer(2089858483,192608db42251d675da83286b1cce702)
Start importing Assets/TDG Kiddy Rides/Prefabs/CoinDrop.prefab using Guid(cade5e6563c00704cbe1a11dc1f366de) Importer(2089858483,192608db42251d675da83286b1cce702) (ScriptedImporter) -> (artifact id: '9fa7ffd7e10bfad348c657e807557386') in 0.0763555 seconds
Number of updated asset objects reloaded before import = 0Number of asset objects unloaded after import = 11

========================================================================
Received Import Request.
  Time since last request: 0.000031 seconds.
  path: Assets/CartoonTracksPack1/Track1/Meshes/Prefab_Meshes/prop_lamp.FBX
  artifactKey: Guid(367487b711dcbc346ad0007eb344aa00) Importer(2089858483,192608db42251d675da83286b1cce702)
Start importing Assets/CartoonTracksPack1/Track1/Meshes/Prefab_Meshes/prop_lamp.FBX using Guid(367487b711dcbc346ad0007eb344aa00) Importer(2089858483,192608db42251d675da83286b1cce702) (ScriptedImporter) -> (artifact id: 'ca83a517dbc6d405ba806f191a0e75f0') in 0.0807404 seconds
Number of updated asset objects reloaded before import = 0Number of asset objects unloaded after import = 14

========================================================================
Received Import Request.
  Time since last request: 0.000024 seconds.
  path: Assets/Samples/XR Interaction Toolkit/3.2.2/Starter Assets/Models/UniversalController.fbx
  artifactKey: Guid(147ae308eec018b40a7b312ae58f44c7) Importer(2089858483,192608db42251d675da83286b1cce702)
Start importing Assets/Samples/XR Interaction Toolkit/3.2.2/Starter Assets/Models/UniversalController.fbx using Guid(147ae308eec018b40a7b312ae58f44c7) Importer(2089858483,192608db42251d675da83286b1cce702) (ScriptedImporter) -> (artifact id: '40caf96e184b273d45a3e6a80889d9e4') in 0.0521282 seconds
Number of updated asset objects reloaded before import = 0Number of asset objects unloaded after import = 51

========================================================================
Received Import Request.
  Time since last request: 0.000017 seconds.
  path: Assets/Samples/XR Interaction Toolkit/3.2.2/Starter Assets/DemoSceneAssets/Sprites/Circle_60x60 Outline 4.png
  artifactKey: Guid(2f8349570a152884fb6cf7ebdc8c18b3) Importer(2089858483,192608db42251d675da83286b1cce702)
Start importing Assets/Samples/XR Interaction Toolkit/3.2.2/Starter Assets/DemoSceneAssets/Sprites/Circle_60x60 Outline 4.png using Guid(2f8349570a152884fb6cf7ebdc8c18b3) Importer(2089858483,192608db42251d675da83286b1cce702) (ScriptedImporter) -> (artifact id: '2cc697122ba31f8ca5fa1fea8402bbc7') in 0.0399005 seconds
Number of updated asset objects reloaded before import = 0Number of asset objects unloaded after import = 3

========================================================================
Received Import Request.
  Time since last request: 0.000019 seconds.
  path: Assets/CartoonTracksPack1/Track1/Prefabs/Props/Barriers/prop_barrier_4M.prefab
  artifactKey: Guid(328b5f5f755b96040a0219c78a2909e2) Importer(2089858483,192608db42251d675da83286b1cce702)
Start importing Assets/CartoonTracksPack1/Track1/Prefabs/Props/Barriers/prop_barrier_4M.prefab using Guid(328b5f5f755b96040a0219c78a2909e2) Importer(2089858483,192608db42251d675da83286b1cce702) (ScriptedImporter) -> (artifact id: 'afce5b9a384db2d952aafedd3f115983') in 0.0525366 seconds
Number of updated asset objects reloaded before import = 0Number of asset objects unloaded after import = 8

========================================================================
Received Import Request.
  Time since last request: 0.000028 seconds.
  path: Assets/Animated Hands/Animations/Left Hand Animator.controller
  artifactKey: Guid(4b5efa0c69d901449a38989140500c0d) Importer(2089858483,192608db42251d675da83286b1cce702)
Start importing Assets/Animated Hands/Animations/Left Hand Animator.controller using Guid(4b5efa0c69d901449a38989140500c0d) Importer(2089858483,192608db42251d675da83286b1cce702) (ScriptedImporter) -> (artifact id: '668fbb490680cc12f390986ff181b02c') in 0.0303361 seconds
Number of updated asset objects reloaded before import = 0Number of asset objects unloaded after import = 7

========================================================================
Received Import Request.
  Time since last request: 0.000018 seconds.
  path: Assets/CartoonTracksPack1/Track1/Meshes/Prefab_Meshes/prop_banner_medium_A.FBX
  artifactKey: Guid(889e272d5f7af1046b3e67a726532696) Importer(2089858483,192608db42251d675da83286b1cce702)
Start importing Assets/CartoonTracksPack1/Track1/Meshes/Prefab_Meshes/prop_banner_medium_A.FBX using Guid(889e272d5f7af1046b3e67a726532696) Importer(2089858483,192608db42251d675da83286b1cce702) (ScriptedImporter) -> (artifact id: '0e44e3928069da1a86677d27d5d18d76') in 0.0834518 seconds
Number of updated asset objects reloaded before import = 0Number of asset objects unloaded after import = 9

========================================================================
Received Import Request.
  Time since last request: 0.000021 seconds.
  path: Assets/Samples/XR Interaction Toolkit/3.2.2/Starter Assets/DemoSceneAssets/Settings/TeleportDestinationSettings.asset
  artifactKey: Guid(8d66c9762e1587643a1164368c8a2c58) Importer(2089858483,192608db42251d675da83286b1cce702)
Start importing Assets/Samples/XR Interaction Toolkit/3.2.2/Starter Assets/DemoSceneAssets/Settings/TeleportDestinationSettings.asset using Guid(8d66c9762e1587643a1164368c8a2c58) Importer(2089858483,192608db42251d675da83286b1cce702) (ScriptedImporter) -> (artifact id: 'b8b124bfcbdb0547c76eef31040c6955') in 0.0338911 seconds
Number of updated asset objects reloaded before import = 0Number of asset objects unloaded after import = 2

========================================================================
Received Import Request.
  Time since last request: 0.000019 seconds.
  path: Assets/CartoonTracksPack1/Track1/Prefabs/Props/prop_bridge_stairs.prefab
  artifactKey: Guid(f4e81bd3b659a004cbad14e00013ba15) Importer(2089858483,192608db42251d675da83286b1cce702)
Start importing Assets/CartoonTracksPack1/Track1/Prefabs/Props/prop_bridge_stairs.prefab using Guid(f4e81bd3b659a004cbad14e00013ba15) Importer(2089858483,192608db42251d675da83286b1cce702) (ScriptedImporter) -> (artifact id: 'dda44e3728b0aae295eae0b08260af93') in 0.0550607 seconds
Number of updated asset objects reloaded before import = 0Number of asset objects unloaded after import = 8

========================================================================
Received Import Request.
  Time since last request: 0.000032 seconds.
  path: Assets/Samples/XR Interaction Toolkit/3.2.2/Starter Assets/DemoSceneAssets/Prefabs/Interactables/Push Button.prefab
  artifactKey: Guid(76f3439a0ae796e4b81bee3f91f888ee) Importer(2089858483,192608db42251d675da83286b1cce702)
Start importing Assets/Samples/XR Interaction Toolkit/3.2.2/Starter Assets/DemoSceneAssets/Prefabs/Interactables/Push Button.prefab using Guid(76f3439a0ae796e4b81bee3f91f888ee) Importer(2089858483,192608db42251d675da83286b1cce702) (ScriptedImporter) -> (artifact id: '2902c7eeca019d404324b87166e4d08f') in 0.0778579 seconds
Number of updated asset objects reloaded before import = 0Number of asset objects unloaded after import = 32

========================================================================
Received Import Request.
  Time since last request: 0.000026 seconds.
  path: Assets/Samples/XR Interaction Toolkit/3.2.2/Starter Assets/Presets/XRI Default Left Controller InputActionManager.preset
  artifactKey: Guid(c3d4ecc12d5e0f14c93fd734af32ab63) Importer(2089858483,192608db42251d675da83286b1cce702)
Start importing Assets/Samples/XR Interaction Toolkit/3.2.2/Starter Assets/Presets/XRI Default Left Controller InputActionManager.preset using Guid(c3d4ecc12d5e0f14c93fd734af32ab63) Importer(2089858483,192608db42251d675da83286b1cce702) (ScriptedImporter) -> (artifact id: 'b7d24109ca0bf04b2e212adf20a391c6') in 0.0644233 seconds
Number of updated asset objects reloaded before import = 0Number of asset objects unloaded after import = 8

Editor requested this worker to shutdown with reason: Scaling down because of idle timeout
AssetImportWorkerClient::OnTransportError - code=2 error=End of file
AssetImportWorker is now disconnected from the server
Process exiting
Exiting without the bug reporter. Application will terminate with return code 0